{"type":"FeatureCollection","features":[{"type":"Feature","properties":{"insee":"14009","nom":"Amfreville"},"geometry":{"type":"Polygon","coordinates":[[[-0.232935,49.23856],[-0.230801,49.240613],[-0.230152,49.241265],[-0.229917,49.241705],[-0.230821,49.241834],[-0.230633,49.242318],[-0.230631,49.242552],[-0.230672,49.242589],[-0.230565,49.242887],[-0.230286,49.243918],[-0.22983,49.244856],[-0.229405,49.245577],[-0.229431,49.24562],[-0.228328,49.247254],[-0.228143,49.247182],[-0.227207,49.246767],[-0.225926,49.246101],[-0.225505,49.245937],[-0.225004,49.245797],[-0.223823,49.245415],[-0.223913,49.245244],[-0.22047,49.244087],[-0.2186,49.243405],[-0.21742,49.244031],[-0.214117,49.245746],[-0.213209,49.246196],[-0.212902,49.246382],[-0.212688,49.246553],[-0.21257,49.246703],[-0.211843,49.247722],[-0.211543,49.248182],[-0.213253,49.24857],[-0.214096,49.248797],[-0.21439,49.248859],[-0.214055,49.249246],[-0.214197,49.249354],[-0.215793,49.250108],[-0.216125,49.250254],[-0.217593,49.250237],[-0.218829,49.250711],[-0.219615,49.251116],[-0.220914,49.251694],[-0.221824,49.252032],[-0.222366,49.252218],[-0.221517,49.253544],[-0.222558,49.25403],[-0.22207,49.254611],[-0.224357,49.255594],[-0.224452,49.255605],[-0.224854,49.255611],[-0.22556,49.25565],[-0.226239,49.25566],[-0.227084,49.255796],[-0.227575,49.25593],[-0.228312,49.256192],[-0.228903,49.256477],[-0.22979,49.256935],[-0.230488,49.257094],[-0.230995,49.257234],[-0.232567,49.257637],[-0.233051,49.257004],[-0.233229,49.256809],[-0.234178,49.257679],[-0.23486,49.258361],[-0.235355,49.258877],[-0.23575,49.259171],[-0.236045,49.259344],[-0.237012,49.259689],[-0.237775,49.259912],[-0.239553,49.260532],[-0.241426,49.261203],[-0.245058,49.262489],[-0.245267,49.262354],[-0.246682,49.263018],[-0.247441,49.262128],[-0.24774,49.261795],[-0.248377,49.261032],[-0.248591,49.260807],[-0.249245,49.260013],[-0.251874,49.260984],[-0.252235,49.261109],[-0.253437,49.260614],[-0.253774,49.259628],[-0.253947,49.25922],[-0.254399,49.257775],[-0.254695,49.256772],[-0.254838,49.256223],[-0.254933,49.255714],[-0.255297,49.255789],[-0.255444,49.255791],[-0.256826,49.255714],[-0.256946,49.255692],[-0.259872,49.255835],[-0.261914,49.256034],[-0.262315,49.25581],[-0.262739,49.255512],[-0.2633,49.255213],[-0.263756,49.254987],[-0.264018,49.25473],[-0.264471,49.25445],[-0.265,49.254043],[-0.265866,49.253251],[-0.266105,49.253084],[-0.267197,49.2518],[-0.269424,49.248951],[-0.269487,49.248865],[-0.266612,49.247834],[-0.263631,49.246562],[-0.262683,49.246162],[-0.26197,49.245816],[-0.262436,49.245378],[-0.261032,49.244693],[-0.259265,49.243875],[-0.25859,49.243555],[-0.257845,49.24327],[-0.257684,49.243187],[-0.25736,49.243078],[-0.253297,49.242323],[-0.253291,49.242231],[-0.249776,49.241795],[-0.246976,49.241329],[-0.245054,49.240873],[-0.244725,49.241462],[-0.241736,49.240923],[-0.240735,49.240839],[-0.240654,49.240922],[-0.239662,49.240725],[-0.238372,49.2404],[-0.237386,49.240172],[-0.236297,49.239957],[-0.234472,49.239282],[-0.233793,49.239041],[-0.233145,49.23869],[-0.232935,49.23856]]]}},{"type":"Feature","properties":{"insee":"14012","nom":"Angerville"},"geometry":{"type":"Polygon","coordinates":[[[-0.010295,49.248999],[-0.010308,49.248983],[-0.011969,49.248649],[-0.012351,49.248603],[-0.012533,49.248558],[-0.0127,49.248464],[-0.013067,49.248343],[-0.01316,49.248183],[-0.012962,49.247891],[-0.013226,49.247952],[-0.01335,49.248106],[-0.013352,49.248211],[-0.013761,49.248545],[-0.013857,49.248799],[-0.013981,49.248913],[-0.014,49.249021],[-0.014163,49.249198],[-0.014594,49.249262],[-0.014772,49.249324],[-0.014853,49.249437],[-0.014785,49.249717],[-0.014931,49.249709],[-0.015025,49.249835],[-0.015018,49.249988],[-0.014904,49.250212],[-0.014868,49.250447],[-0.014871,49.250694],[-0.014956,49.250882],[-0.015086,49.251052],[-0.015382,49.251275],[-0.015698,49.251458],[-0.015894,49.2515],[-0.016029,49.251575],[-0.01615,49.251715],[-0.016523,49.251851],[-0.016941,49.251922],[-0.01704,49.252005],[-0.017021,49.252104],[-0.017037,49.252502],[-0.017072,49.252648],[-0.017164,49.252723],[-0.017099,49.252816],[-0.017436,49.25312],[-0.017386,49.253201],[-0.0172,49.253245],[-0.017334,49.253444],[-0.01751,49.253475],[-0.017776,49.253623],[-0.017839,49.253721],[-0.018127,49.253804],[-0.01851,49.254032],[-0.018721,49.254064],[-0.018952,49.254034],[-0.019254,49.254289],[-0.019344,49.254308],[-0.020648,49.253764],[-0.020574,49.253459],[-0.020862,49.253358],[-0.021074,49.253318],[-0.021151,49.253507],[-0.022315,49.253225],[-0.022285,49.253109],[-0.022115,49.251864],[-0.022043,49.251693],[-0.021922,49.25155],[-0.021712,49.251435],[-0.021792,49.251348],[-0.022489,49.251523],[-0.023332,49.251783],[-0.025323,49.252475],[-0.025479,49.252502],[-0.026544,49.252988],[-0.027843,49.253508],[-0.028388,49.253748],[-0.028721,49.253869],[-0.028783,49.253389],[-0.028744,49.253269],[-0.02879,49.253012],[-0.028661,49.252757],[-0.028469,49.252549],[-0.028188,49.252428],[-0.028082,49.252329],[-0.027908,49.252083],[-0.027792,49.251633],[-0.028698,49.251511],[-0.02969,49.251339],[-0.029966,49.251342],[-0.030342,49.251402],[-0.030615,49.251506],[-0.030857,49.25172],[-0.031091,49.251852],[-0.031806,49.252086],[-0.032095,49.252242],[-0.032269,49.252456],[-0.032649,49.252096],[-0.033252,49.251692],[-0.033505,49.251446],[-0.03388,49.25162],[-0.034147,49.251823],[-0.034431,49.252154],[-0.036409,49.251505],[-0.037451,49.251145],[-0.03736,49.250929],[-0.038085,49.25112],[-0.038896,49.251371],[-0.039198,49.251443],[-0.03928,49.251539],[-0.041908,49.251374],[-0.042251,49.251113],[-0.042159,49.251039],[-0.042552,49.250792],[-0.04262,49.250655],[-0.042824,49.250455],[-0.043113,49.250397],[-0.043427,49.250248],[-0.043489,49.250099],[-0.04396,49.249797],[-0.044071,49.249585],[-0.04444,49.249481],[-0.045036,49.248948],[-0.045852,49.248549],[-0.046109,49.248466],[-0.046865,49.248388],[-0.04718,49.248303],[-0.047334,49.248314],[-0.047517,49.248388],[-0.047676,49.248388],[-0.047986,49.248263],[-0.048036,49.248133],[-0.048107,49.247928],[-0.048003,49.247675],[-0.047587,49.246955],[-0.047057,49.2461],[-0.046495,49.245395],[-0.046303,49.245222],[-0.046098,49.244841],[-0.045985,49.244415],[-0.045659,49.244395],[-0.045307,49.243799],[-0.044832,49.243106],[-0.044307,49.243188],[-0.0438,49.24318],[-0.043544,49.243205],[-0.043287,49.243293],[-0.043116,49.243415],[-0.042896,49.243445],[-0.042708,49.24354],[-0.042091,49.243722],[-0.041729,49.243792],[-0.041437,49.243934],[-0.041212,49.244013],[-0.040873,49.244047],[-0.040688,49.244029],[-0.040431,49.244055],[-0.04023,49.244022],[-0.039875,49.244066],[-0.039512,49.244041],[-0.03972,49.243757],[-0.04018,49.243213],[-0.041532,49.241683],[-0.042146,49.240918],[-0.042822,49.240791],[-0.042589,49.240533],[-0.042257,49.240008],[-0.042174,49.239812],[-0.041817,49.239312],[-0.041585,49.238959],[-0.041434,49.238918],[-0.040636,49.23856],[-0.040211,49.238393],[-0.039742,49.238184],[-0.039379,49.23798],[-0.03778,49.237191],[-0.037362,49.237022],[-0.03685,49.23689],[-0.03643,49.236811],[-0.035923,49.236747],[-0.035583,49.236756],[-0.035042,49.236831],[-0.033528,49.236924],[-0.03277,49.23695],[-0.032336,49.23693],[-0.03221,49.236816],[-0.031669,49.237008],[-0.031549,49.236847],[-0.031351,49.236503],[-0.031134,49.235981],[-0.030851,49.235649],[-0.030564,49.235374],[-0.030277,49.235064],[-0.030002,49.234706],[-0.029718,49.234419],[-0.029345,49.234111],[-0.02896,49.233879],[-0.028325,49.233751],[-0.02774,49.233672],[-0.02752,49.233717],[-0.027186,49.233916],[-0.027163,49.234061],[-0.026457,49.234563],[-0.026199,49.234716],[-0.026121,49.234827],[-0.025766,49.235097],[-0.025582,49.235262],[-0.025099,49.235417],[-0.024824,49.23546],[-0.023478,49.235261],[-0.023394,49.235507],[-0.023382,49.23604],[-0.023313,49.236238],[-0.023087,49.236302],[-0.022794,49.236551],[-0.022459,49.23701],[-0.022244,49.237491],[-0.020976,49.238429],[-0.020165,49.23915],[-0.019999,49.239317],[-0.019939,49.239234],[-0.019186,49.238713],[-0.019205,49.238593],[-0.019368,49.238355],[-0.019042,49.238087],[-0.018611,49.237785],[-0.018102,49.237485],[-0.017958,49.237361],[-0.017591,49.23712],[-0.016175,49.236227],[-0.016115,49.236223],[-0.015274,49.235693],[-0.014548,49.235259],[-0.014275,49.235052],[-0.013698,49.234496],[-0.013545,49.234272],[-0.013413,49.234314],[-0.013071,49.234629],[-0.012871,49.23484],[-0.012604,49.235206],[-0.012477,49.235542],[-0.012418,49.235862],[-0.012447,49.236061],[-0.012595,49.236363],[-0.012784,49.236556],[-0.013361,49.237008],[-0.01361,49.237148],[-0.013581,49.237265],[-0.0133,49.237534],[-0.012967,49.237734],[-0.012624,49.238061],[-0.012554,49.238217],[-0.012505,49.238503],[-0.012493,49.238828],[-0.012533,49.239033],[-0.012678,49.239222],[-0.012965,49.239492],[-0.013331,49.239675],[-0.013593,49.239732],[-0.013692,49.239902],[-0.013729,49.240069],[-0.013698,49.240217],[-0.013614,49.240331],[-0.013356,49.240494],[-0.012785,49.240773],[-0.011486,49.241235],[-0.01141,49.241295],[-0.011125,49.241394],[-0.010666,49.24169],[-0.010514,49.241717],[-0.010591,49.241888],[-0.010476,49.242002],[-0.010515,49.242133],[-0.010682,49.242214],[-0.010662,49.242354],[-0.010435,49.242371],[-0.010564,49.2425],[-0.01058,49.242597],[-0.010262,49.242602],[-0.010243,49.242745],[-0.009917,49.242877],[-0.010069,49.243113],[-0.010037,49.243249],[-0.010158,49.243326],[-0.010208,49.243493],[-0.01038,49.243639],[-0.011057,49.243867],[-0.010948,49.243982],[-0.011163,49.244248],[-0.011245,49.244403],[-0.011445,49.244424],[-0.011412,49.24461],[-0.011653,49.244694],[-0.011735,49.244908],[-0.011548,49.245002],[-0.011421,49.245276],[-0.011467,49.245341],[-0.0118,49.245371],[-0.012018,49.245316],[-0.012269,49.245205],[-0.012329,49.245417],[-0.012547,49.245626],[-0.01268,49.245821],[-0.012713,49.246107],[-0.012606,49.246345],[-0.012635,49.246706],[-0.012799,49.246893],[-0.012839,49.247218],[-0.012825,49.247444],[-0.012467,49.247574],[-0.012151,49.247744],[-0.012002,49.247936],[-0.011968,49.24813],[-0.011906,49.248203],[-0.011502,49.248279],[-0.010847,49.248443],[-0.010291,49.248557],[-0.010233,49.248595],[-0.010295,49.248999]]]}},{"type":"Feature","properties":{"insee":"14024","nom":"Auberville"},"geometry":{"type":"Polygon","coordinates":[[[-0.013841,49.3214],[-0.014238,49.321245],[-0.015603,49.320824],[-0.015889,49.320763],[-0.016768,49.320498],[-0.017074,49.320486],[-0.017166,49.320399],[-0.017382,49.320296],[-0.017643,49.320284],[-0.017971,49.320161],[-0.018156,49.320049],[-0.018269,49.320044],[-0.018532,49.319893],[-0.018812,49.319873],[-0.01892,49.319772],[-0.019204,49.319666],[-0.019444,49.319678],[-0.019938,49.319482],[-0.020133,49.319362],[-0.020518,49.319256],[-0.020877,49.319188],[-0.02122,49.319078],[-0.021617,49.319034],[-0.021922,49.318888],[-0.022341,49.318831],[-0.02269,49.318838],[-0.022909,49.318756],[-0.023385,49.318817],[-0.023771,49.318789],[-0.024267,49.318632],[-0.024609,49.318669],[-0.024921,49.318542],[-0.025294,49.318517],[-0.025664,49.318548],[-0.025878,49.318527],[-0.026001,49.318444],[-0.026951,49.318313],[-0.027286,49.318162],[-0.027715,49.318059],[-0.027923,49.31797],[-0.028098,49.317953],[-0.028566,49.317837],[-0.028855,49.317741],[-0.029096,49.317628],[-0.029247,49.317604],[-0.029471,49.317638],[-0.029871,49.317512],[-0.030274,49.317424],[-0.030418,49.317325],[-0.030742,49.317258],[-0.030958,49.317186],[-0.03116,49.317063],[-0.031388,49.317055],[-0.031542,49.316939],[-0.031931,49.316809],[-0.032132,49.316785],[-0.032241,49.31671],[-0.032466,49.316661],[-0.032808,49.316656],[-0.032947,49.316542],[-0.033192,49.316517],[-0.033487,49.316322],[-0.033725,49.316313],[-0.03414,49.316102],[-0.034659,49.315942],[-0.034848,49.315847],[-0.035647,49.315568],[-0.036123,49.31545],[-0.036598,49.315398],[-0.03696,49.315443],[-0.037361,49.31541],[-0.037912,49.315476],[-0.038203,49.315435],[-0.038686,49.315312],[-0.038918,49.315271],[-0.039268,49.315064],[-0.039621,49.314886],[-0.040083,49.31469],[-0.040217,49.314698],[-0.040355,49.314572],[-0.040878,49.314379],[-0.041611,49.314072],[-0.041232,49.313348],[-0.041066,49.312889],[-0.041192,49.312311],[-0.041256,49.312178],[-0.040404,49.311618],[-0.040101,49.310259],[-0.040051,49.310134],[-0.040499,49.310026],[-0.039818,49.30899],[-0.039414,49.308597],[-0.039027,49.308381],[-0.03852,49.307985],[-0.038225,49.30756],[-0.037465,49.306854],[-0.036249,49.30598],[-0.035416,49.305485],[-0.035602,49.305254],[-0.034845,49.305149],[-0.034528,49.305026],[-0.034385,49.304938],[-0.034247,49.304993],[-0.033549,49.304681],[-0.032781,49.304357],[-0.032092,49.304092],[-0.031651,49.30395],[-0.029139,49.303412],[-0.028992,49.303227],[-0.028501,49.30292],[-0.028183,49.302691],[-0.028028,49.302458],[-0.027876,49.302301],[-0.027441,49.302043],[-0.025255,49.300589],[-0.025018,49.300464],[-0.024225,49.300127],[-0.023129,49.299844],[-0.022677,49.299718],[-0.022459,49.300123],[-0.021943,49.301039],[-0.021857,49.301148],[-0.021661,49.301289],[-0.021507,49.301184],[-0.019262,49.302224],[-0.019146,49.302328],[-0.019769,49.303069],[-0.020021,49.303474],[-0.020146,49.303876],[-0.020386,49.30476],[-0.020487,49.305207],[-0.020468,49.305643],[-0.020247,49.306252],[-0.019962,49.307299],[-0.019869,49.307861],[-0.019793,49.308666],[-0.019661,49.30869],[-0.019657,49.309035],[-0.019594,49.309824],[-0.019406,49.310577],[-0.019294,49.310779],[-0.019155,49.310915],[-0.018931,49.311028],[-0.017764,49.311505],[-0.017095,49.311923],[-0.016461,49.312452],[-0.016035,49.312912],[-0.015721,49.313288],[-0.015629,49.313473],[-0.015542,49.313756],[-0.015503,49.314022],[-0.015509,49.314272],[-0.015457,49.314432],[-0.015049,49.314949],[-0.014782,49.315241],[-0.014479,49.315614],[-0.014186,49.316076],[-0.013697,49.317214],[-0.013544,49.317514],[-0.013604,49.318725],[-0.0135,49.318815],[-0.013378,49.319098],[-0.013442,49.319394],[-0.013439,49.3196],[-0.013841,49.3214]]]}},{"type":"Feature","properties":{"insee":"14045","nom":"Basseneville"},"geometry":{"type":"Polygon","coordinates":[[[-0.104457,49.202852],[-0.104768,49.202998],[-0.104937,49.203225],[-0.104877,49.204158],[-0.104886,49.204305],[-0.105076,49.204689],[-0.105423,49.205087],[-0.105406,49.205367],[-0.105628,49.205619],[-0.105623,49.205846],[-0.105682,49.206014],[-0.105847,49.206196],[-0.104922,49.206575],[-0.104172,49.206951],[-0.104046,49.207052],[-0.103688,49.207475],[-0.103391,49.207923],[-0.102991,49.208435],[-0.103112,49.208618],[-0.10362,49.209128],[-0.104121,49.209563],[-0.104359,49.20965],[-0.104522,49.209606],[-0.104652,49.209681],[-0.10497,49.209936],[-0.105481,49.210463],[-0.105832,49.210888],[-0.106356,49.211379],[-0.106659,49.211645],[-0.106996,49.211906],[-0.107283,49.21209],[-0.107819,49.212368],[-0.107954,49.212465],[-0.108918,49.212982],[-0.109497,49.213338],[-0.11,49.213578],[-0.110333,49.213359],[-0.110528,49.213273],[-0.110647,49.213099],[-0.1117,49.21261],[-0.111869,49.212734],[-0.113591,49.212206],[-0.113914,49.21244],[-0.11411,49.2125],[-0.115185,49.21274],[-0.115458,49.212924],[-0.115772,49.213013],[-0.116617,49.21351],[-0.117085,49.213889],[-0.117723,49.214294],[-0.117988,49.21456],[-0.11807,49.214803],[-0.118143,49.214879],[-0.118634,49.214985],[-0.119089,49.215125],[-0.11913,49.215353],[-0.118809,49.216424],[-0.118773,49.216508],[-0.119472,49.216567],[-0.119551,49.216806],[-0.119854,49.216854],[-0.120879,49.217067],[-0.121147,49.217169],[-0.12121,49.217275],[-0.121433,49.21731],[-0.122919,49.217335],[-0.122771,49.217599],[-0.122679,49.217877],[-0.122631,49.218353],[-0.122332,49.219464],[-0.123295,49.21958],[-0.124507,49.219696],[-0.124973,49.21984],[-0.125315,49.219974],[-0.12512,49.220499],[-0.12503,49.220847],[-0.124943,49.221385],[-0.124784,49.221394],[-0.124698,49.221604],[-0.126057,49.221926],[-0.12631,49.221936],[-0.126904,49.222128],[-0.127242,49.22222],[-0.128029,49.222304],[-0.12821,49.222396],[-0.128498,49.222712],[-0.128804,49.222765],[-0.129371,49.222714],[-0.130321,49.222613],[-0.130906,49.222617],[-0.131102,49.222657],[-0.131541,49.222809],[-0.131972,49.223054],[-0.131989,49.222644],[-0.132085,49.222146],[-0.132182,49.221758],[-0.13226,49.22155],[-0.132546,49.221123],[-0.132829,49.220807],[-0.134118,49.221632],[-0.134948,49.222178],[-0.135153,49.222275],[-0.135645,49.222463],[-0.135939,49.222709],[-0.136,49.222871],[-0.13734,49.222949],[-0.138773,49.222999],[-0.139241,49.223153],[-0.139276,49.223238],[-0.138865,49.2237],[-0.138746,49.223858],[-0.138743,49.224203],[-0.138626,49.224471],[-0.138686,49.224519],[-0.140096,49.224931],[-0.140102,49.225011],[-0.139786,49.225191],[-0.13978,49.225288],[-0.139929,49.225687],[-0.139982,49.225922],[-0.14008,49.226002],[-0.1408,49.226436],[-0.140963,49.226399],[-0.141106,49.226451],[-0.141234,49.226291],[-0.141128,49.226271],[-0.140916,49.226135],[-0.140795,49.225974],[-0.14062,49.225546],[-0.140415,49.22523],[-0.1404,49.225101],[-0.140546,49.224738],[-0.140723,49.224538],[-0.140904,49.224393],[-0.141544,49.224117],[-0.141776,49.223987],[-0.142079,49.2237],[-0.142346,49.223369],[-0.142931,49.222709],[-0.143102,49.222538],[-0.143365,49.22233],[-0.14384,49.222049],[-0.144376,49.22178],[-0.144745,49.221637],[-0.14553,49.221385],[-0.146079,49.221221],[-0.146785,49.220919],[-0.147021,49.220858],[-0.147534,49.220847],[-0.148942,49.221025],[-0.149133,49.221076],[-0.149746,49.22135],[-0.150283,49.221439],[-0.150481,49.221435],[-0.150829,49.221349],[-0.15122,49.220964],[-0.151534,49.220569],[-0.151822,49.22031],[-0.152015,49.220244],[-0.15274,49.220161],[-0.152975,49.220061],[-0.153118,49.219659],[-0.153129,49.219378],[-0.153068,49.218677],[-0.152896,49.218496],[-0.152502,49.218336],[-0.152059,49.218216],[-0.151774,49.218183],[-0.150931,49.218122],[-0.149795,49.218018],[-0.149506,49.217929],[-0.149342,49.217741],[-0.149351,49.217561],[-0.14943,49.217076],[-0.149569,49.216798],[-0.150605,49.216422],[-0.150899,49.216304],[-0.151182,49.216128],[-0.151496,49.215898],[-0.151814,49.21557],[-0.152157,49.215073],[-0.15248,49.214696],[-0.153466,49.213625],[-0.153695,49.213445],[-0.154085,49.213178],[-0.154379,49.213055],[-0.154642,49.212975],[-0.155155,49.212944],[-0.15547,49.212979],[-0.155794,49.213068],[-0.156102,49.21319],[-0.156585,49.213431],[-0.157077,49.21374],[-0.157346,49.213948],[-0.157499,49.214026],[-0.157714,49.214075],[-0.158074,49.214107],[-0.158524,49.214011],[-0.15874,49.213927],[-0.158938,49.213807],[-0.159367,49.213459],[-0.160077,49.212883],[-0.160284,49.212649],[-0.16058,49.21205],[-0.161686,49.210461],[-0.161909,49.210165],[-0.162788,49.209236],[-0.163417,49.208613],[-0.16365,49.208266],[-0.164088,49.207528],[-0.164266,49.207249],[-0.164744,49.206605],[-0.165439,49.205622],[-0.165808,49.205001],[-0.165858,49.204767],[-0.165889,49.20397],[-0.165923,49.203839],[-0.166024,49.203729],[-0.166463,49.203361],[-0.167078,49.202932],[-0.167487,49.202628],[-0.167652,49.202462],[-0.167782,49.202214],[-0.167804,49.201859],[-0.167753,49.201581],[-0.16775,49.201336],[-0.167978,49.20096],[-0.168403,49.200537],[-0.168868,49.200218],[-0.169969,49.199567],[-0.170131,49.199455],[-0.170393,49.19918],[-0.170542,49.198928],[-0.170586,49.198766],[-0.167958,49.199131],[-0.162502,49.199894],[-0.152038,49.201353],[-0.152324,49.200824],[-0.152335,49.200619],[-0.152508,49.200324],[-0.152596,49.200098],[-0.152758,49.199885],[-0.153176,49.19948],[-0.153586,49.199242],[-0.154006,49.198573],[-0.154048,49.198418],[-0.153726,49.198398],[-0.153059,49.198221],[-0.152269,49.198027],[-0.152461,49.197818],[-0.152517,49.197678],[-0.152643,49.196971],[-0.15283,49.196328],[-0.152111,49.196261],[-0.149694,49.196008],[-0.149223,49.19601],[-0.149211,49.195931],[-0.147363,49.195757],[-0.147012,49.196035],[-0.146857,49.196298],[-0.146513,49.196228],[-0.145979,49.196465],[-0.145527,49.196639],[-0.145121,49.196896],[-0.144844,49.197153],[-0.144584,49.197338],[-0.14408,49.1972],[-0.143672,49.19714],[-0.143424,49.197077],[-0.142912,49.196899],[-0.141612,49.196643],[-0.140305,49.196353],[-0.140665,49.194936],[-0.140727,49.194663],[-0.140283,49.19436],[-0.138929,49.19445],[-0.138775,49.194223],[-0.138545,49.193254],[-0.138418,49.19279],[-0.138407,49.192449],[-0.13826,49.192116],[-0.137907,49.191512],[-0.137749,49.191183],[-0.137642,49.190864],[-0.137202,49.190923],[-0.136875,49.190933],[-0.136054,49.190888],[-0.134502,49.189063],[-0.133291,49.187672],[-0.133008,49.187361],[-0.13268,49.187434],[-0.1321,49.187591],[-0.131398,49.187796],[-0.131055,49.187914],[-0.130457,49.188188],[-0.12956,49.188655],[-0.12823,49.189358],[-0.127348,49.189797],[-0.126656,49.190161],[-0.125803,49.190587],[-0.124731,49.191107],[-0.124238,49.19136],[-0.123384,49.191849],[-0.122721,49.1922],[-0.122335,49.192419],[-0.121145,49.19304],[-0.119632,49.193815],[-0.118909,49.194243],[-0.11803,49.194786],[-0.117597,49.195071],[-0.117213,49.195296],[-0.116427,49.195853],[-0.115611,49.196272],[-0.114538,49.19686],[-0.114356,49.196951],[-0.113834,49.197157],[-0.113605,49.197267],[-0.113035,49.19761],[-0.112209,49.198023],[-0.111738,49.198218],[-0.110971,49.198631],[-0.110477,49.198912],[-0.109702,49.199396],[-0.10948,49.199546],[-0.109141,49.199835],[-0.108889,49.200077],[-0.108617,49.200448],[-0.107906,49.201141],[-0.107519,49.201453],[-0.106942,49.201982],[-0.106755,49.202091],[-0.104703,49.202787],[-0.104542,49.202727],[-0.104457,49.202852]]]}},{"type":"Feature","properties":{"insee":"14046","nom":"Bavent"},"geometry":{"type":"Polygon","coordinates":[[[-0.182136,49.248541],[-0.182507,49.248781],[-0.183416,49.249002],[-0.184023,49.249129],[-0.184457,49.249239],[-0.184376,49.24936],[-0.183853,49.250308],[-0.18369,49.250644],[-0.184059,49.250551],[-0.185949,49.250334],[-0.186059,49.250343],[-0.187186,49.250171],[-0.189345,49.250908],[-0.189624,49.250661],[-0.189922,49.250437],[-0.190078,49.250091],[-0.190343,49.249808],[-0.190651,49.249443],[-0.190625,49.249226],[-0.190711,49.249163],[-0.190783,49.248988],[-0.191008,49.248699],[-0.191176,49.248354],[-0.19087,49.248228],[-0.191061,49.247895],[-0.1938,49.248581],[-0.193819,49.248078],[-0.193854,49.247853],[-0.194111,49.247185],[-0.194171,49.246904],[-0.19544,49.247001],[-0.195512,49.246686],[-0.195653,49.246229],[-0.196803,49.246418],[-0.19703,49.246077],[-0.197258,49.246068],[-0.198722,49.24625],[-0.199681,49.246387],[-0.200058,49.245877],[-0.200378,49.245606],[-0.200796,49.24575],[-0.201378,49.245109],[-0.20141,49.244996],[-0.201583,49.244726],[-0.202046,49.244802],[-0.202914,49.24398],[-0.204486,49.242132],[-0.204742,49.242271],[-0.205372,49.242485],[-0.205783,49.242593],[-0.206713,49.242863],[-0.207689,49.24194],[-0.208371,49.241416],[-0.209086,49.240915],[-0.209278,49.240835],[-0.209047,49.240707],[-0.209106,49.240485],[-0.209247,49.239673],[-0.20978,49.237641],[-0.210705,49.234294],[-0.211078,49.234353],[-0.211515,49.232402],[-0.212289,49.232489],[-0.212513,49.232576],[-0.21327,49.232704],[-0.213599,49.232719],[-0.214784,49.230717],[-0.215677,49.229586],[-0.215973,49.229597],[-0.216812,49.229687],[-0.216881,49.229444],[-0.216879,49.229216],[-0.217486,49.229223],[-0.217252,49.228403],[-0.217792,49.228232],[-0.218367,49.228158],[-0.219034,49.228358],[-0.219968,49.228839],[-0.220292,49.228581],[-0.220824,49.228334],[-0.22139,49.227856],[-0.22181,49.22767],[-0.222433,49.226958],[-0.222582,49.226224],[-0.222597,49.22593],[-0.222852,49.225242],[-0.223004,49.225039],[-0.223845,49.224439],[-0.224334,49.224351],[-0.225054,49.224263],[-0.225117,49.224127],[-0.22552,49.223455],[-0.224951,49.2233],[-0.224417,49.223132],[-0.224576,49.222882],[-0.224752,49.222684],[-0.22653,49.223137],[-0.226714,49.223206],[-0.226805,49.222855],[-0.226874,49.222374],[-0.226862,49.222009],[-0.226945,49.221755],[-0.227232,49.221181],[-0.227386,49.220775],[-0.227845,49.219903],[-0.227926,49.21984],[-0.228373,49.219445],[-0.225782,49.219233],[-0.226123,49.218435],[-0.226317,49.217911],[-0.226355,49.217356],[-0.224706,49.217221],[-0.224265,49.217229],[-0.223634,49.217289],[-0.223183,49.217285],[-0.222618,49.217119],[-0.222245,49.21693],[-0.222105,49.216896],[-0.221936,49.216666],[-0.221618,49.216301],[-0.221471,49.216062],[-0.221374,49.215741],[-0.221364,49.215582],[-0.221421,49.214702],[-0.219417,49.215065],[-0.218097,49.215373],[-0.217918,49.215402],[-0.216835,49.214825],[-0.216429,49.214739],[-0.215206,49.21425],[-0.214593,49.212519],[-0.214433,49.212242],[-0.214423,49.212165],[-0.213394,49.210882],[-0.21221,49.20878],[-0.21133,49.207169],[-0.210673,49.206384],[-0.209967,49.205625],[-0.209505,49.205248],[-0.209196,49.205389],[-0.208327,49.205594],[-0.208153,49.205649],[-0.207191,49.206035],[-0.205071,49.207765],[-0.200506,49.209318],[-0.200018,49.209486],[-0.199544,49.209603],[-0.199014,49.20968],[-0.198642,49.209687],[-0.19825,49.209662],[-0.196982,49.209653],[-0.196767,49.209662],[-0.19635,49.209735],[-0.195737,49.209748],[-0.195328,49.209732],[-0.195101,49.209694],[-0.194035,49.209467],[-0.193422,49.209396],[-0.19312,49.209392],[-0.192248,49.209541],[-0.192017,49.209755],[-0.191134,49.20962],[-0.190349,49.209879],[-0.190255,49.209556],[-0.189515,49.209527],[-0.189062,49.209559],[-0.188085,49.209752],[-0.18738,49.209926],[-0.186978,49.209909],[-0.186683,49.210015],[-0.185923,49.210205],[-0.185152,49.210316],[-0.185127,49.210068],[-0.185136,49.209783],[-0.185078,49.20952],[-0.184963,49.209479],[-0.184209,49.209689],[-0.184001,49.20944],[-0.183769,49.20929],[-0.183405,49.208817],[-0.183378,49.208615],[-0.183438,49.20813],[-0.183146,49.20817],[-0.18303,49.208228],[-0.182217,49.208384],[-0.181961,49.208307],[-0.178713,49.208893],[-0.174964,49.209288],[-0.174935,49.209428],[-0.172166,49.209603],[-0.17238,49.209823],[-0.172478,49.210029],[-0.172535,49.210335],[-0.172393,49.210593],[-0.17244,49.210712],[-0.172794,49.210968],[-0.173356,49.211293],[-0.173488,49.211462],[-0.170964,49.211792],[-0.17032,49.21188],[-0.169888,49.211958],[-0.169567,49.21198],[-0.168741,49.212107],[-0.168083,49.212186],[-0.167377,49.212285],[-0.167122,49.212336],[-0.167101,49.212511],[-0.167162,49.212582],[-0.167465,49.212716],[-0.167556,49.212942],[-0.167393,49.213177],[-0.167207,49.213254],[-0.167028,49.213401],[-0.166725,49.213525],[-0.166641,49.213646],[-0.16625,49.21368],[-0.166028,49.213603],[-0.165677,49.213538],[-0.165126,49.213314],[-0.164669,49.213198],[-0.164276,49.213142],[-0.164215,49.213163],[-0.163562,49.213567],[-0.161976,49.214609],[-0.161952,49.214819],[-0.162085,49.215083],[-0.162285,49.215392],[-0.162201,49.215511],[-0.161647,49.215696],[-0.16145,49.215797],[-0.16123,49.215863],[-0.160019,49.216081],[-0.159818,49.216078],[-0.159708,49.215713],[-0.159295,49.214831],[-0.159281,49.214773],[-0.159437,49.214342],[-0.159464,49.214079],[-0.159663,49.213882],[-0.159647,49.213642],[-0.159367,49.213459],[-0.158938,49.213807],[-0.15874,49.213927],[-0.158524,49.214011],[-0.158074,49.214107],[-0.157714,49.214075],[-0.157499,49.214026],[-0.157346,49.213948],[-0.157077,49.21374],[-0.156585,49.213431],[-0.156102,49.21319],[-0.155794,49.213068],[-0.15547,49.212979],[-0.155155,49.212944],[-0.154642,49.212975],[-0.154379,49.213055],[-0.154085,49.213178],[-0.153695,49.213445],[-0.153466,49.213625],[-0.15248,49.214696],[-0.152157,49.215073],[-0.151814,49.21557],[-0.151496,49.215898],[-0.151182,49.216128],[-0.150899,49.216304],[-0.150605,49.216422],[-0.149569,49.216798],[-0.14943,49.217076],[-0.149351,49.217561],[-0.149342,49.217741],[-0.149506,49.217929],[-0.149795,49.218018],[-0.150931,49.218122],[-0.151774,49.218183],[-0.152059,49.218216],[-0.152502,49.218336],[-0.152896,49.218496],[-0.153068,49.218677],[-0.153129,49.219378],[-0.153118,49.219659],[-0.152975,49.220061],[-0.15274,49.220161],[-0.152015,49.220244],[-0.151822,49.22031],[-0.151534,49.220569],[-0.15122,49.220964],[-0.150829,49.221349],[-0.150481,49.221435],[-0.150283,49.221439],[-0.149746,49.22135],[-0.149133,49.221076],[-0.148942,49.221025],[-0.147534,49.220847],[-0.147021,49.220858],[-0.146785,49.220919],[-0.146079,49.221221],[-0.14553,49.221385],[-0.144745,49.221637],[-0.144376,49.22178],[-0.14384,49.222049],[-0.143365,49.22233],[-0.143102,49.222538],[-0.142931,49.222709],[-0.142346,49.223369],[-0.142079,49.2237],[-0.141776,49.223987],[-0.141544,49.224117],[-0.140904,49.224393],[-0.140723,49.224538],[-0.140546,49.224738],[-0.1404,49.225101],[-0.140415,49.22523],[-0.14062,49.225546],[-0.140795,49.225974],[-0.140916,49.226135],[-0.141128,49.226271],[-0.141234,49.226291],[-0.141775,49.226346],[-0.142931,49.226484],[-0.143396,49.226514],[-0.143613,49.22657],[-0.143796,49.226825],[-0.143819,49.227083],[-0.143936,49.227373],[-0.144272,49.227731],[-0.144419,49.227963],[-0.14452,49.228242],[-0.144551,49.228522],[-0.14454,49.228947],[-0.144507,49.229338],[-0.144408,49.229587],[-0.143639,49.230497],[-0.143297,49.230852],[-0.142886,49.231215],[-0.142703,49.231325],[-0.142508,49.231386],[-0.142277,49.231409],[-0.141417,49.231342],[-0.140892,49.231313],[-0.140085,49.231287],[-0.139704,49.231216],[-0.139118,49.230987],[-0.138574,49.230746],[-0.138346,49.230475],[-0.138259,49.230282],[-0.1382,49.229979],[-0.138103,49.22975],[-0.137983,49.229568],[-0.13783,49.229448],[-0.137481,49.229315],[-0.136891,49.229165],[-0.136587,49.229115],[-0.13633,49.229114],[-0.136084,49.229149],[-0.135865,49.229248],[-0.135426,49.229538],[-0.135093,49.229848],[-0.134663,49.230392],[-0.13446,49.230626],[-0.133983,49.231047],[-0.133674,49.231368],[-0.133335,49.231802],[-0.133012,49.23218],[-0.132885,49.232419],[-0.132826,49.232612],[-0.132833,49.232744],[-0.132984,49.23306],[-0.133148,49.233471],[-0.133313,49.233758],[-0.133555,49.234046],[-0.133738,49.234317],[-0.133948,49.234527],[-0.134308,49.234801],[-0.134458,49.234963],[-0.134517,49.235116],[-0.134498,49.235254],[-0.134386,49.235328],[-0.133854,49.235489],[-0.133523,49.235611],[-0.133279,49.235744],[-0.133074,49.235908],[-0.132757,49.236091],[-0.132443,49.236224],[-0.13162,49.236447],[-0.131681,49.236655],[-0.131789,49.236876],[-0.131923,49.237026],[-0.132328,49.237248],[-0.132589,49.237467],[-0.133078,49.237719],[-0.133199,49.237876],[-0.133585,49.23813],[-0.133985,49.238505],[-0.134677,49.238635],[-0.134851,49.23861],[-0.135192,49.238432],[-0.135267,49.238332],[-0.135235,49.23808],[-0.135263,49.237976],[-0.135408,49.23794],[-0.135906,49.237975],[-0.13599,49.237933],[-0.136324,49.238263],[-0.136652,49.238518],[-0.137153,49.23875],[-0.137173,49.238836],[-0.137836,49.238913],[-0.138405,49.238728],[-0.138729,49.23878],[-0.13901,49.238923],[-0.139111,49.239067],[-0.138807,49.239381],[-0.138608,49.23947],[-0.138575,49.239669],[-0.138991,49.239901],[-0.139233,49.239941],[-0.139774,49.239923],[-0.14045,49.239841],[-0.141045,49.239931],[-0.141602,49.23988],[-0.141903,49.239771],[-0.142025,49.239693],[-0.142259,49.239657],[-0.143037,49.239624],[-0.143416,49.2397],[-0.143941,49.239777],[-0.144442,49.240033],[-0.144778,49.240336],[-0.144788,49.240486],[-0.144703,49.240649],[-0.144706,49.24081],[-0.144844,49.240974],[-0.14508,49.241151],[-0.14516,49.241356],[-0.145411,49.241421],[-0.145666,49.24139],[-0.146185,49.241662],[-0.146452,49.241671],[-0.146891,49.241483],[-0.147263,49.241459],[-0.147611,49.241534],[-0.147727,49.241606],[-0.147856,49.241763],[-0.147974,49.241785],[-0.148229,49.241706],[-0.148931,49.241899],[-0.148978,49.242027],[-0.149173,49.242174],[-0.149406,49.242253],[-0.149544,49.242631],[-0.150331,49.242688],[-0.150717,49.242589],[-0.15069,49.242441],[-0.150734,49.241821],[-0.15066,49.241701],[-0.150895,49.241464],[-0.151131,49.241323],[-0.151596,49.241096],[-0.151823,49.240886],[-0.151885,49.240678],[-0.151986,49.240554],[-0.152555,49.240634],[-0.153055,49.240766],[-0.153729,49.240764],[-0.154503,49.240691],[-0.154689,49.240698],[-0.155561,49.24093],[-0.155984,49.240928],[-0.156781,49.240839],[-0.157244,49.240822],[-0.157755,49.240829],[-0.158117,49.24089],[-0.158988,49.241092],[-0.159391,49.24001],[-0.159557,49.239496],[-0.159824,49.238467],[-0.159984,49.238136],[-0.160791,49.237233],[-0.162634,49.235196],[-0.163301,49.234442],[-0.164428,49.233209],[-0.164959,49.232612],[-0.165674,49.232938],[-0.166752,49.23347],[-0.17133,49.235708],[-0.172677,49.236428],[-0.173633,49.236961],[-0.174823,49.237594],[-0.174987,49.237549],[-0.175291,49.237401],[-0.175751,49.23722],[-0.176068,49.236964],[-0.176518,49.236508],[-0.177065,49.235827],[-0.177531,49.236003],[-0.178387,49.236448],[-0.179294,49.236891],[-0.178954,49.237421],[-0.178192,49.238287],[-0.181748,49.239012],[-0.182419,49.23918],[-0.183969,49.238335],[-0.184355,49.238283],[-0.184964,49.238361],[-0.184948,49.238419],[-0.18617,49.23854],[-0.186011,49.239166],[-0.186544,49.239604],[-0.188191,49.240129],[-0.187483,49.240779],[-0.186564,49.241578],[-0.186065,49.24205],[-0.184896,49.24332],[-0.184089,49.244157],[-0.183405,49.244835],[-0.184422,49.245332],[-0.185508,49.245878],[-0.185639,49.245788],[-0.186313,49.246176],[-0.185369,49.246785],[-0.184638,49.247099],[-0.184352,49.247182],[-0.183599,49.247367],[-0.183151,49.247566],[-0.182862,49.247641],[-0.182557,49.247982],[-0.182364,49.248156],[-0.182318,49.248359],[-0.182136,49.248541]]]}},{"type":"Feature","properties":{"insee":"14231","nom":"Beaufour-Druval"},"geometry":{"type":"Polygon","coordinates":[[[0.028028,49.204718],[0.028258,49.204941],[0.028588,49.205315],[0.028819,49.20548],[0.028942,49.205501],[0.029008,49.205698],[0.029164,49.20582],[0.029742,49.205888],[0.030118,49.206072],[0.030206,49.206277],[0.030395,49.206365],[0.030619,49.206391],[0.031141,49.206702],[0.031263,49.206824],[0.031434,49.206862],[0.031706,49.20679],[0.031906,49.206836],[0.032072,49.206959],[0.032423,49.207015],[0.032475,49.207327],[0.032665,49.207428],[0.033197,49.207537],[0.033502,49.207626],[0.033806,49.207541],[0.033895,49.207704],[0.034231,49.207865],[0.03465,49.20786],[0.034775,49.207939],[0.035032,49.20793],[0.03519,49.208003],[0.035269,49.208145],[0.035754,49.208316],[0.036176,49.208506],[0.03654,49.208718],[0.036887,49.208886],[0.037407,49.208986],[0.037615,49.209118],[0.037931,49.209215],[0.038355,49.209534],[0.038763,49.20982],[0.039425,49.210127],[0.040017,49.210389],[0.040592,49.210699],[0.041033,49.210768],[0.041369,49.210787],[0.041775,49.210908],[0.042285,49.211017],[0.042844,49.211059],[0.043234,49.211105],[0.043537,49.211167],[0.044138,49.211341],[0.043287,49.211378],[0.043685,49.2117],[0.044698,49.212079],[0.045168,49.212312],[0.045505,49.212409],[0.046648,49.213006],[0.047051,49.213118],[0.047346,49.213432],[0.047823,49.213883],[0.048103,49.214116],[0.048376,49.214301],[0.049176,49.214741],[0.049413,49.214899],[0.050158,49.215478],[0.05079,49.2158],[0.051407,49.216155],[0.051955,49.216435],[0.052271,49.216751],[0.052566,49.217111],[0.05285,49.217256],[0.053007,49.217457],[0.053234,49.217628],[0.053746,49.217908],[0.054155,49.218151],[0.05433,49.218352],[0.054453,49.218659],[0.054529,49.218967],[0.05466,49.219382],[0.054887,49.219773],[0.055139,49.22004],[0.055443,49.220299],[0.055742,49.2205],[0.056039,49.220646],[0.0563,49.220734],[0.057321,49.221035],[0.058358,49.22131],[0.059877,49.22173],[0.060447,49.22191],[0.06081,49.222075],[0.061333,49.222337],[0.061881,49.222757],[0.062739,49.223369],[0.063096,49.22355],[0.063679,49.223721],[0.063846,49.223945],[0.064079,49.224165],[0.064194,49.224349],[0.064757,49.225767],[0.064923,49.22621],[0.065144,49.226597],[0.065963,49.22762],[0.066131,49.227926],[0.066352,49.228726],[0.066373,49.228952],[0.066315,49.229205],[0.066049,49.229341],[0.065941,49.229302],[0.065427,49.228903],[0.064995,49.228825],[0.064744,49.228831],[0.063998,49.228638],[0.063797,49.228624],[0.062677,49.228132],[0.062222,49.227996],[0.062037,49.228062],[0.06134,49.227841],[0.060562,49.22768],[0.06043,49.227568],[0.060009,49.227645],[0.058852,49.22778],[0.058695,49.227683],[0.058368,49.227711],[0.057849,49.227815],[0.05728,49.227999],[0.057109,49.228147],[0.056746,49.228213],[0.056188,49.228368],[0.055382,49.228558],[0.055306,49.228595],[0.05462,49.229201],[0.054283,49.229432],[0.053806,49.229652],[0.053297,49.23028],[0.052956,49.230536],[0.052432,49.230573],[0.051134,49.230735],[0.05105,49.230203],[0.052077,49.230121],[0.052019,49.229881],[0.052093,49.229834],[0.052043,49.229711],[0.050039,49.229871],[0.049931,49.229679],[0.050105,49.229337],[0.049406,49.22917],[0.049606,49.228771],[0.049843,49.228476],[0.049147,49.227976],[0.047899,49.227393],[0.046256,49.226402],[0.043808,49.228147],[0.043478,49.227959],[0.043676,49.227585],[0.043337,49.227306],[0.043173,49.227475],[0.042644,49.22794],[0.042484,49.228038],[0.042156,49.228179],[0.040739,49.228886],[0.040277,49.229169],[0.039887,49.229357],[0.039683,49.22931],[0.038955,49.229625],[0.038398,49.229933],[0.037928,49.229761],[0.037818,49.229641],[0.037713,49.229373],[0.037085,49.22952],[0.036385,49.22958],[0.035131,49.229555],[0.034402,49.229279],[0.033874,49.229008],[0.033456,49.228883],[0.033249,49.228878],[0.032098,49.228564],[0.031261,49.228241],[0.030928,49.228031],[0.030123,49.227435],[0.029664,49.227056],[0.029459,49.226662],[0.028493,49.226012],[0.028031,49.225676],[0.027617,49.226007],[0.027184,49.226324],[0.026379,49.226875],[0.026041,49.227127],[0.025882,49.227285],[0.025653,49.227609],[0.02553,49.227879],[0.025492,49.228089],[0.025544,49.228308],[0.025299,49.228411],[0.025251,49.228514],[0.025064,49.228559],[0.024003,49.22869],[0.023061,49.228823],[0.022872,49.228832],[0.022513,49.228748],[0.022201,49.228611],[0.021778,49.228392],[0.02133,49.228132],[0.020965,49.228082],[0.020986,49.228189],[0.02066,49.228252],[0.019691,49.228408],[0.019707,49.228481],[0.018906,49.228603],[0.018444,49.2287],[0.0177,49.228802],[0.01652,49.22905],[0.016345,49.22913],[0.015897,49.229418],[0.015526,49.229572],[0.01521,49.229734],[0.014982,49.229926],[0.014892,49.229963],[0.014312,49.230012],[0.01386,49.22999],[0.013603,49.230044],[0.013231,49.229988],[0.012812,49.230018],[0.012587,49.229981],[0.012412,49.230002],[0.012117,49.22997],[0.01191,49.22993],[0.011597,49.229755],[0.011266,49.229496],[0.011274,49.229314],[0.011369,49.229091],[0.011566,49.228873],[0.011682,49.228618],[0.011939,49.227978],[0.011964,49.227649],[0.011954,49.227334],[0.011983,49.227169],[0.012163,49.226549],[0.012347,49.226176],[0.01245,49.225756],[0.012504,49.225432],[0.012443,49.22523],[0.012467,49.225008],[0.012435,49.224557],[0.012333,49.224413],[0.012352,49.224301],[0.012471,49.224173],[0.012488,49.223948],[0.012458,49.223329],[0.012529,49.223122],[0.012762,49.222842],[0.012863,49.222548],[0.01286,49.222306],[0.012077,49.222264],[0.011898,49.221992],[0.011367,49.221576],[0.010087,49.221057],[0.008957,49.220262],[0.008759,49.220078],[0.008624,49.220031],[0.008092,49.219662],[0.00784,49.219162],[0.007064,49.218113],[0.00534,49.216821],[0.005347,49.216642],[0.005629,49.216468],[0.006198,49.216029],[0.004643,49.215549],[0.004716,49.215416],[0.005564,49.214042],[0.004826,49.213872],[0.004008,49.213701],[0.003318,49.213433],[0.002475,49.213069],[0.001032,49.212484],[0.000585,49.212284],[-0.000228,49.211963],[-0.000601,49.211846],[-0.001589,49.211584],[-0.00226,49.211378],[-0.003964,49.210822],[-0.004889,49.210572],[-0.005781,49.21035],[-0.007397,49.209907],[-0.009003,49.209545],[-0.009372,49.209479],[-0.010401,49.209258],[-0.012497,49.209001],[-0.013406,49.208864],[-0.013745,49.208774],[-0.014402,49.208548],[-0.014662,49.208431],[-0.015611,49.20811],[-0.016176,49.207954],[-0.017509,49.207692],[-0.018009,49.207604],[-0.018402,49.207584],[-0.018683,49.207592],[-0.01868,49.207378],[-0.018815,49.206813],[-0.019115,49.205886],[-0.019699,49.204695],[-0.019975,49.204103],[-0.020128,49.203839],[-0.020189,49.203568],[-0.020172,49.203434],[-0.019876,49.203515],[-0.018797,49.203767],[-0.018722,49.20373],[-0.018378,49.203141],[-0.018364,49.203062],[-0.017755,49.203008],[-0.017248,49.202937],[-0.01657,49.202793],[-0.016104,49.202672],[-0.014819,49.202394],[-0.012948,49.202133],[-0.011837,49.202009],[-0.01097,49.20198],[-0.010092,49.201917],[-0.009881,49.201079],[-0.006957,49.201225],[-0.006451,49.201219],[-0.00609,49.201128],[-0.006101,49.201376],[-0.006385,49.201431],[-0.006333,49.201757],[-0.006293,49.20246],[-0.006271,49.202576],[-0.005283,49.202535],[-0.005458,49.203174],[-0.005165,49.203174],[-0.004841,49.203204],[-0.00455,49.203309],[-0.004247,49.203527],[-0.003882,49.203644],[-0.003671,49.203626],[-0.003544,49.203531],[-0.00343,49.203317],[-0.003061,49.203225],[-0.002914,49.203031],[-0.002882,49.202807],[-0.00269,49.2026],[-0.002473,49.202289],[-0.002455,49.202121],[-0.002317,49.201927],[-0.001776,49.202531],[-0.00109,49.20255],[-0.000649,49.202654],[-0.00038,49.202756],[-8.9e-05,49.202949],[0.000273,49.202544],[0.000844,49.202799],[0.001981,49.203385],[0.00263,49.202765],[0.003105,49.202466],[0.003428,49.20224],[0.003594,49.201914],[0.003408,49.201645],[0.003652,49.201269],[0.004081,49.200997],[0.004526,49.200775],[0.004788,49.200522],[0.00566,49.199731],[0.006011,49.199558],[0.008001,49.199552],[0.008529,49.198798],[0.00867,49.198711],[0.009013,49.198718],[0.010028,49.199007],[0.010609,49.198299],[0.010777,49.197629],[0.010843,49.196147],[0.010448,49.195779],[0.010417,49.195681],[0.011558,49.195115],[0.012083,49.194879],[0.012688,49.19468],[0.013882,49.19432],[0.015138,49.193882],[0.015614,49.193673],[0.016553,49.193182],[0.017288,49.19344],[0.017773,49.193315],[0.01806,49.19305],[0.018375,49.192222],[0.018637,49.192104],[0.019818,49.191765],[0.020503,49.191548],[0.020806,49.191436],[0.02135,49.19155],[0.021765,49.191468],[0.023289,49.191453],[0.026151,49.191551],[0.026159,49.191681],[0.026056,49.191807],[0.026094,49.19196],[0.026382,49.192177],[0.026471,49.192621],[0.026324,49.192852],[0.025804,49.193192],[0.02553,49.193587],[0.025376,49.193633],[0.025324,49.193878],[0.025163,49.194114],[0.025181,49.194423],[0.025015,49.194778],[0.024846,49.194944],[0.024924,49.195113],[0.024728,49.19514],[0.024639,49.195252],[0.024538,49.195561],[0.024539,49.195783],[0.024412,49.195888],[0.024294,49.196128],[0.0241,49.196132],[0.023939,49.196396],[0.023798,49.196421],[0.023642,49.196572],[0.023783,49.196765],[0.023798,49.196918],[0.023652,49.197215],[0.023705,49.197525],[0.023887,49.197856],[0.024077,49.197909],[0.024173,49.198177],[0.024176,49.198339],[0.024086,49.198415],[0.023892,49.198432],[0.023729,49.198499],[0.023658,49.198631],[0.023241,49.1991],[0.02316,49.199246],[0.023177,49.19941],[0.023012,49.199787],[0.023036,49.199913],[0.023295,49.200426],[0.023391,49.200665],[0.023713,49.20089],[0.023894,49.201146],[0.023957,49.201674],[0.023985,49.201759],[0.024184,49.201882],[0.024381,49.202236],[0.024525,49.202372],[0.024736,49.202468],[0.024974,49.202627],[0.025222,49.202843],[0.0256,49.203019],[0.025766,49.203134],[0.025856,49.203283],[0.025882,49.203431],[0.02598,49.203616],[0.026168,49.203752],[0.026257,49.204148],[0.026327,49.20424],[0.026754,49.204411],[0.027142,49.204466],[0.027475,49.204483],[0.02757,49.204539],[0.027843,49.204603],[0.028028,49.204718]]]}},{"type":"Feature","properties":{"insee":"14070","nom":"Beuvron-en-Auge"},"geometry":{"type":"Polygon","coordinates":[[[-0.024274,49.186616],[-0.02406,49.186637],[-0.023989,49.186847],[-0.023815,49.186942],[-0.023584,49.186865],[-0.023515,49.186946],[-0.023514,49.187208],[-0.02345,49.187314],[-0.023288,49.18734],[-0.022891,49.187293],[-0.022714,49.18735],[-0.022483,49.186889],[-0.022334,49.186492],[-0.022123,49.186563],[-0.020918,49.186871],[-0.020179,49.187073],[-0.019697,49.187188],[-0.019425,49.187221],[-0.019704,49.187694],[-0.020121,49.188536],[-0.020257,49.18886],[-0.020269,49.188954],[-0.018875,49.189244],[-0.017902,49.189452],[-0.017162,49.18953],[-0.016921,49.189445],[-0.016804,49.1895],[-0.014406,49.189457],[-0.013746,49.189495],[-0.013787,49.190846],[-0.014143,49.190923],[-0.014279,49.190886],[-0.014426,49.191],[-0.014554,49.191035],[-0.014778,49.191013],[-0.014744,49.192253],[-0.014533,49.192321],[-0.014789,49.192845],[-0.015177,49.192775],[-0.015325,49.193214],[-0.01544,49.193472],[-0.015977,49.194273],[-0.015308,49.194582],[-0.015591,49.194887],[-0.016071,49.195364],[-0.01629,49.195611],[-0.016412,49.1957],[-0.016967,49.195625],[-0.017019,49.195755],[-0.017296,49.19615],[-0.017037,49.196287],[-0.016662,49.19655],[-0.016439,49.196741],[-0.01605,49.197217],[-0.015807,49.197261],[-0.015195,49.197306],[-0.014812,49.197366],[-0.014329,49.197518],[-0.014077,49.197643],[-0.01381,49.197822],[-0.013498,49.197994],[-0.013176,49.198068],[-0.012702,49.198069],[-0.012024,49.197899],[-0.011834,49.197936],[-0.011717,49.198037],[-0.011701,49.19828],[-0.011575,49.198459],[-0.011266,49.198675],[-0.011087,49.198748],[-0.010274,49.198936],[-0.00985,49.198965],[-0.00921,49.199097],[-0.00953,49.199312],[-0.009931,49.199535],[-0.010225,49.199984],[-0.010381,49.200471],[-0.010074,49.200525],[-0.009647,49.200477],[-0.009881,49.201079],[-0.010092,49.201917],[-0.01097,49.20198],[-0.011837,49.202009],[-0.012948,49.202133],[-0.014819,49.202394],[-0.016104,49.202672],[-0.01657,49.202793],[-0.017248,49.202937],[-0.017755,49.203008],[-0.018364,49.203062],[-0.018378,49.203141],[-0.018722,49.20373],[-0.018797,49.203767],[-0.019876,49.203515],[-0.020172,49.203434],[-0.020189,49.203568],[-0.020128,49.203839],[-0.019975,49.204103],[-0.019699,49.204695],[-0.019115,49.205886],[-0.018815,49.206813],[-0.01868,49.207378],[-0.018683,49.207592],[-0.019289,49.20765],[-0.01959,49.207718],[-0.020195,49.20792],[-0.02134,49.208176],[-0.022145,49.208398],[-0.022612,49.208539],[-0.024413,49.208959],[-0.02485,49.209006],[-0.025695,49.208963],[-0.025984,49.208938],[-0.027294,49.208888],[-0.028897,49.208775],[-0.029896,49.208711],[-0.030513,49.208753],[-0.030771,49.208906],[-0.031025,49.209009],[-0.031679,49.209142],[-0.032259,49.209282],[-0.032891,49.20951],[-0.033658,49.209883],[-0.034326,49.210081],[-0.035006,49.210243],[-0.035633,49.210349],[-0.035928,49.210367],[-0.036586,49.210307],[-0.036914,49.210255],[-0.038025,49.210039],[-0.039015,49.209785],[-0.039282,49.209727],[-0.03975,49.209539],[-0.040237,49.209484],[-0.0412,49.209438],[-0.041005,49.208642],[-0.040553,49.207249],[-0.041868,49.207211],[-0.042759,49.207165],[-0.043142,49.207037],[-0.043561,49.206932],[-0.043806,49.206919],[-0.044021,49.206955],[-0.04431,49.207081],[-0.044554,49.207071],[-0.045039,49.206867],[-0.045752,49.206414],[-0.046128,49.20621],[-0.047008,49.205796],[-0.047724,49.205441],[-0.0489,49.204811],[-0.048855,49.20466],[-0.049333,49.204569],[-0.049602,49.204487],[-0.049874,49.204327],[-0.050319,49.203848],[-0.050497,49.20363],[-0.051377,49.203137],[-0.051891,49.203123],[-0.052121,49.202655],[-0.05211,49.202558],[-0.053359,49.202176],[-0.053735,49.202704],[-0.054269,49.202561],[-0.054785,49.202444],[-0.055297,49.202347],[-0.055374,49.202464],[-0.056087,49.20248],[-0.055925,49.202245],[-0.056114,49.202229],[-0.058679,49.202167],[-0.059166,49.202209],[-0.062846,49.202181],[-0.063107,49.202008],[-0.063154,49.201847],[-0.06332,49.201685],[-0.063723,49.201402],[-0.064031,49.201236],[-0.064505,49.201038],[-0.06465,49.200918],[-0.064965,49.200578],[-0.065229,49.200351],[-0.065492,49.200335],[-0.065979,49.200262],[-0.066241,49.200196],[-0.06686,49.200092],[-0.0674,49.19992],[-0.067531,49.199785],[-0.067753,49.199641],[-0.067631,49.199387],[-0.067662,49.199237],[-0.068756,49.199081],[-0.069322,49.19901],[-0.070213,49.198862],[-0.070853,49.198802],[-0.07121,49.198785],[-0.071114,49.198881],[-0.071049,49.199418],[-0.071318,49.199842],[-0.071455,49.200299],[-0.071588,49.200499],[-0.071843,49.200519],[-0.07233,49.2006],[-0.073598,49.200841],[-0.073677,49.201045],[-0.0736,49.2013],[-0.073588,49.201924],[-0.07354,49.202088],[-0.074057,49.202142],[-0.074972,49.202198],[-0.075534,49.202193],[-0.075801,49.202244],[-0.077305,49.202323],[-0.078512,49.202395],[-0.079203,49.202417],[-0.080463,49.202525],[-0.081375,49.202643],[-0.082113,49.202702],[-0.082747,49.202611],[-0.083356,49.202572],[-0.083885,49.202561],[-0.08387,49.202468],[-0.083928,49.200957],[-0.083626,49.200917],[-0.083164,49.200806],[-0.082831,49.200754],[-0.082592,49.200674],[-0.082389,49.200664],[-0.082211,49.200526],[-0.081921,49.200368],[-0.081847,49.200226],[-0.081624,49.200196],[-0.081263,49.200097],[-0.081152,49.199981],[-0.080787,49.19987],[-0.080614,49.199708],[-0.079957,49.199427],[-0.079647,49.199206],[-0.079469,49.199125],[-0.079247,49.198894],[-0.079101,49.198864],[-0.078736,49.198721],[-0.078741,49.198581],[-0.078678,49.198449],[-0.078826,49.198264],[-0.07867,49.198145],[-0.078706,49.197992],[-0.078849,49.197907],[-0.078882,49.197704],[-0.07899,49.197567],[-0.078916,49.197415],[-0.078755,49.197363],[-0.078604,49.197134],[-0.078418,49.197046],[-0.078402,49.19693],[-0.078529,49.196866],[-0.078466,49.196643],[-0.078564,49.196369],[-0.078391,49.196269],[-0.078417,49.196116],[-0.078304,49.196088],[-0.078024,49.19616],[-0.077853,49.196125],[-0.077842,49.196052],[-0.078003,49.195909],[-0.077828,49.195652],[-0.077596,49.195637],[-0.077606,49.195431],[-0.077509,49.195371],[-0.077168,49.195362],[-0.077175,49.195133],[-0.077006,49.194949],[-0.076611,49.19493],[-0.076568,49.19478],[-0.076313,49.194723],[-0.076301,49.194516],[-0.076079,49.194474],[-0.07599,49.194362],[-0.075725,49.194429],[-0.075493,49.194247],[-0.075227,49.194369],[-0.075121,49.194383],[-0.074797,49.194245],[-0.074899,49.1941],[-0.074671,49.194004],[-0.074567,49.193882],[-0.074456,49.193645],[-0.074466,49.19342],[-0.074284,49.193189],[-0.074387,49.192936],[-0.073898,49.192822],[-0.073856,49.192756],[-0.073966,49.192666],[-0.073809,49.192445],[-0.073529,49.192455],[-0.073348,49.19241],[-0.073211,49.192272],[-0.073007,49.192222],[-0.072781,49.192063],[-0.072315,49.191814],[-0.071994,49.191484],[-0.071622,49.19145],[-0.071595,49.191262],[-0.071381,49.191148],[-0.071023,49.190866],[-0.070829,49.190905],[-0.070668,49.190872],[-0.070594,49.190713],[-0.070436,49.190605],[-0.070084,49.190501],[-0.069233,49.190156],[-0.068876,49.190052],[-0.06873,49.189698],[-0.068356,49.189643],[-0.068284,49.189559],[-0.067752,49.18927],[-0.06647,49.188901],[-0.066258,49.1888],[-0.065982,49.188711],[-0.065846,49.188614],[-0.065758,49.188468],[-0.065381,49.188393],[-0.065187,49.188198],[-0.065029,49.188124],[-0.065005,49.188024],[-0.064782,49.187828],[-0.064442,49.187746],[-0.064213,49.187344],[-0.064161,49.187195],[-0.064176,49.18642],[-0.063797,49.186209],[-0.063736,49.186124],[-0.062845,49.185242],[-0.062479,49.184676],[-0.062305,49.184266],[-0.06169,49.183634],[-0.061447,49.183336],[-0.061488,49.183245],[-0.061103,49.183175],[-0.060393,49.183012],[-0.059496,49.182881],[-0.059075,49.182834],[-0.057849,49.182666],[-0.057149,49.182529],[-0.056984,49.182524],[-0.056343,49.18243],[-0.055519,49.182403],[-0.055205,49.182411],[-0.053972,49.182586],[-0.053116,49.1827],[-0.052406,49.182706],[-0.051056,49.182693],[-0.050209,49.182664],[-0.050136,49.182703],[-0.048487,49.182673],[-0.047646,49.18268],[-0.047087,49.182641],[-0.046422,49.182614],[-0.046297,49.182626],[-0.045229,49.182831],[-0.044731,49.182889],[-0.044071,49.18301],[-0.044398,49.184039],[-0.044737,49.185012],[-0.04445,49.185032],[-0.043978,49.185178],[-0.043657,49.185169],[-0.043149,49.185094],[-0.042868,49.185119],[-0.042682,49.185195],[-0.042377,49.185235],[-0.04207,49.185105],[-0.041898,49.185063],[-0.041585,49.185046],[-0.041402,49.185091],[-0.041284,49.185284],[-0.041054,49.18532],[-0.040561,49.185337],[-0.040187,49.185328],[-0.039871,49.185241],[-0.039492,49.185312],[-0.039399,49.185154],[-0.039071,49.185065],[-0.038607,49.185089],[-0.038524,49.185071],[-0.03814,49.184807],[-0.038001,49.184767],[-0.037265,49.18463],[-0.036772,49.184518],[-0.036571,49.18451],[-0.035525,49.1847],[-0.034918,49.18477],[-0.034054,49.184847],[-0.033672,49.184891],[-0.033455,49.184953],[-0.033201,49.184931],[-0.032435,49.18505],[-0.03176,49.185183],[-0.031062,49.185361],[-0.030902,49.185442],[-0.030818,49.18558],[-0.030636,49.185539],[-0.03033,49.185529],[-0.029783,49.18574],[-0.029289,49.185776],[-0.029008,49.185935],[-0.02879,49.186017],[-0.028626,49.186137],[-0.028341,49.186167],[-0.028168,49.186219],[-0.027924,49.186233],[-0.02726,49.186167],[-0.026747,49.186167],[-0.026541,49.186143],[-0.026316,49.186161],[-0.025842,49.186273],[-0.025683,49.186427],[-0.025175,49.186412],[-0.024871,49.186503],[-0.024738,49.186601],[-0.024274,49.186616]]]}},{"type":"Feature","properties":{"insee":"14106","nom":"Bréville-les-Monts"},"geometry":{"type":"Polygon","coordinates":[[[-0.239272,49.227541],[-0.238415,49.227365],[-0.238606,49.226546],[-0.238783,49.224508],[-0.237741,49.22435],[-0.238155,49.223304],[-0.238774,49.223363],[-0.239035,49.222133],[-0.239031,49.221645],[-0.239096,49.221419],[-0.239529,49.22044],[-0.2389,49.220464],[-0.237727,49.22048],[-0.236711,49.220466],[-0.235266,49.2204],[-0.234684,49.220362],[-0.23367,49.220247],[-0.232743,49.220181],[-0.23139,49.220073],[-0.229337,49.219955],[-0.227926,49.21984],[-0.227845,49.219903],[-0.227386,49.220775],[-0.227232,49.221181],[-0.226945,49.221755],[-0.226862,49.222009],[-0.226874,49.222374],[-0.226805,49.222855],[-0.226714,49.223206],[-0.22653,49.223137],[-0.224752,49.222684],[-0.224576,49.222882],[-0.224417,49.223132],[-0.224951,49.2233],[-0.22552,49.223455],[-0.225117,49.224127],[-0.225054,49.224263],[-0.224334,49.224351],[-0.223845,49.224439],[-0.223004,49.225039],[-0.222852,49.225242],[-0.222597,49.22593],[-0.222582,49.226224],[-0.222433,49.226958],[-0.22181,49.22767],[-0.22139,49.227856],[-0.220824,49.228334],[-0.220292,49.228581],[-0.219968,49.228839],[-0.219034,49.228358],[-0.218367,49.228158],[-0.217792,49.228232],[-0.217252,49.228403],[-0.217486,49.229223],[-0.216879,49.229216],[-0.216881,49.229444],[-0.216812,49.229687],[-0.215973,49.229597],[-0.215677,49.229586],[-0.214784,49.230717],[-0.213599,49.232719],[-0.21327,49.232704],[-0.212513,49.232576],[-0.212289,49.232489],[-0.211515,49.232402],[-0.211078,49.234353],[-0.210705,49.234294],[-0.20978,49.237641],[-0.209247,49.239673],[-0.209106,49.240485],[-0.209047,49.240707],[-0.209278,49.240835],[-0.209086,49.240915],[-0.208371,49.241416],[-0.207689,49.24194],[-0.206713,49.242863],[-0.205783,49.242593],[-0.205372,49.242485],[-0.204742,49.242271],[-0.204486,49.242132],[-0.202914,49.24398],[-0.202046,49.244802],[-0.201583,49.244726],[-0.20141,49.244996],[-0.201378,49.245109],[-0.200796,49.24575],[-0.200378,49.245606],[-0.200058,49.245877],[-0.199681,49.246387],[-0.199549,49.246564],[-0.199128,49.247224],[-0.198486,49.248192],[-0.197659,49.248949],[-0.197323,49.248828],[-0.195997,49.249988],[-0.196307,49.250001],[-0.196984,49.250103],[-0.197051,49.250304],[-0.195786,49.251064],[-0.198884,49.25287],[-0.199122,49.252761],[-0.199786,49.253314],[-0.200635,49.254003],[-0.200833,49.253748],[-0.201081,49.253495],[-0.201295,49.253351],[-0.202215,49.252826],[-0.202564,49.252608],[-0.202842,49.252402],[-0.203987,49.251249],[-0.205075,49.250433],[-0.205295,49.250286],[-0.205752,49.250054],[-0.206298,49.249885],[-0.206759,49.24967],[-0.206983,49.249294],[-0.207301,49.248861],[-0.207697,49.248372],[-0.207948,49.248201],[-0.207977,49.248013],[-0.207899,49.247681],[-0.207951,49.247391],[-0.208146,49.247032],[-0.208478,49.246955],[-0.211185,49.247589],[-0.211843,49.247722],[-0.21257,49.246703],[-0.212688,49.246553],[-0.212902,49.246382],[-0.213209,49.246196],[-0.214117,49.245746],[-0.21742,49.244031],[-0.2186,49.243405],[-0.22047,49.244087],[-0.223913,49.245244],[-0.223823,49.245415],[-0.225004,49.245797],[-0.225505,49.245937],[-0.225926,49.246101],[-0.227207,49.246767],[-0.228143,49.247182],[-0.228328,49.247254],[-0.229431,49.24562],[-0.229405,49.245577],[-0.22983,49.244856],[-0.230286,49.243918],[-0.230565,49.242887],[-0.230672,49.242589],[-0.230631,49.242552],[-0.230633,49.242318],[-0.230821,49.241834],[-0.229917,49.241705],[-0.230152,49.241265],[-0.230801,49.240613],[-0.232935,49.23856],[-0.233609,49.237369],[-0.233908,49.237252],[-0.234057,49.237152],[-0.235866,49.234286],[-0.236356,49.233548],[-0.237265,49.23247],[-0.238078,49.231585],[-0.237495,49.231343],[-0.238882,49.229199],[-0.238562,49.2291],[-0.239272,49.227541]]]}},{"type":"Feature","properties":{"insee":"14110","nom":"Brucourt"},"geometry":{"type":"Polygon","coordinates":[[[-0.110879,49.257403],[-0.11096,49.257135],[-0.111061,49.257009],[-0.111901,49.256396],[-0.112183,49.256135],[-0.11243,49.255982],[-0.112838,49.255805],[-0.113285,49.255655],[-0.113827,49.255505],[-0.114238,49.255443],[-0.11464,49.255417],[-0.115943,49.255485],[-0.116209,49.255462],[-0.116926,49.255341],[-0.117648,49.255028],[-0.117543,49.254942],[-0.117358,49.25455],[-0.117239,49.254373],[-0.116909,49.254102],[-0.116728,49.254018],[-0.116295,49.253947],[-0.115795,49.253908],[-0.115479,49.253859],[-0.114551,49.253669],[-0.114139,49.253545],[-0.113917,49.25339],[-0.113576,49.253057],[-0.113027,49.252406],[-0.112912,49.252177],[-0.112796,49.251779],[-0.112938,49.25151],[-0.112866,49.2514],[-0.113063,49.251385],[-0.113547,49.251248],[-0.113963,49.251166],[-0.114734,49.251178],[-0.115378,49.251132],[-0.115598,49.251145],[-0.116382,49.251308],[-0.11712,49.251493],[-0.117807,49.251763],[-0.117902,49.251826],[-0.118334,49.25197],[-0.118551,49.252073],[-0.118753,49.252209],[-0.118957,49.252418],[-0.120195,49.253455],[-0.120886,49.253514],[-0.120989,49.253239],[-0.120989,49.253001],[-0.121221,49.252268],[-0.121342,49.251985],[-0.121408,49.251695],[-0.121492,49.251509],[-0.121783,49.251143],[-0.121902,49.251072],[-0.122559,49.250795],[-0.123293,49.250531],[-0.123613,49.25039],[-0.123792,49.250273],[-0.124017,49.250292],[-0.124526,49.250254],[-0.125193,49.25027],[-0.12536,49.250307],[-0.125531,49.250463],[-0.125535,49.250564],[-0.125274,49.251065],[-0.124943,49.251615],[-0.124426,49.252109],[-0.124275,49.252359],[-0.124232,49.252501],[-0.124257,49.252635],[-0.124408,49.252766],[-0.125385,49.252846],[-0.126547,49.252967],[-0.12678,49.252916],[-0.127011,49.252823],[-0.127229,49.252685],[-0.127502,49.252619],[-0.128113,49.252572],[-0.128766,49.252498],[-0.128806,49.252303],[-0.12868,49.252017],[-0.128555,49.251591],[-0.128475,49.251197],[-0.128529,49.250841],[-0.128811,49.250347],[-0.129126,49.249898],[-0.129373,49.249738],[-0.129664,49.249618],[-0.130381,49.249194],[-0.130625,49.248981],[-0.130716,49.248738],[-0.130676,49.248531],[-0.130524,49.24838],[-0.130326,49.248311],[-0.129907,49.248313],[-0.129345,49.24854],[-0.128738,49.248686],[-0.128309,49.248917],[-0.127922,49.249353],[-0.127671,49.249453],[-0.127221,49.249435],[-0.126918,49.249334],[-0.126212,49.248325],[-0.125821,49.24785],[-0.125286,49.247419],[-0.124862,49.247182],[-0.124888,49.246813],[-0.124972,49.246247],[-0.125081,49.245783],[-0.125153,49.245567],[-0.125322,49.245255],[-0.125854,49.2444],[-0.126126,49.244133],[-0.126248,49.243896],[-0.126257,49.243687],[-0.126145,49.243073],[-0.126283,49.24297],[-0.126445,49.242926],[-0.126904,49.242923],[-0.127184,49.242964],[-0.127537,49.243077],[-0.128092,49.243332],[-0.129053,49.243929],[-0.129304,49.244038],[-0.12951,49.244073],[-0.129734,49.244049],[-0.129882,49.243938],[-0.13013,49.243577],[-0.130546,49.243065],[-0.130763,49.242706],[-0.13088,49.242389],[-0.131314,49.241669],[-0.131443,49.241372],[-0.131415,49.241225],[-0.131167,49.240956],[-0.130855,49.240681],[-0.130692,49.240497],[-0.130579,49.240238],[-0.129778,49.240556],[-0.129216,49.240847],[-0.128916,49.24096],[-0.128548,49.24094],[-0.128289,49.240868],[-0.128067,49.240665],[-0.127897,49.240406],[-0.127714,49.240329],[-0.127349,49.240334],[-0.12728,49.240307],[-0.126519,49.239864],[-0.126083,49.239594],[-0.12589,49.23957],[-0.125558,49.23964],[-0.125207,49.239683],[-0.124973,49.239676],[-0.124633,49.239737],[-0.124487,49.239845],[-0.123406,49.24001],[-0.12329,49.240036],[-0.122521,49.240368],[-0.122221,49.240209],[-0.121761,49.239911],[-0.121416,49.239756],[-0.121367,49.239659],[-0.121443,49.239401],[-0.121296,49.239288],[-0.121159,49.239313],[-0.120692,49.239475],[-0.120688,49.239588],[-0.120436,49.239788],[-0.120081,49.240002],[-0.119696,49.240207],[-0.119542,49.240261],[-0.118838,49.240567],[-0.118114,49.240752],[-0.117792,49.24088],[-0.117051,49.241093],[-0.116565,49.241248],[-0.115773,49.241627],[-0.11501,49.241939],[-0.114789,49.242059],[-0.114604,49.242263],[-0.114375,49.242648],[-0.11422,49.242853],[-0.114207,49.243136],[-0.11381,49.243223],[-0.113436,49.242817],[-0.113443,49.242539],[-0.113218,49.242002],[-0.112976,49.241511],[-0.112866,49.241328],[-0.112596,49.241094],[-0.112236,49.240705],[-0.112095,49.240505],[-0.111144,49.23959],[-0.110337,49.238844],[-0.109389,49.238175],[-0.109125,49.238051],[-0.108575,49.237861],[-0.109507,49.235433],[-0.108244,49.235268],[-0.108003,49.235169],[-0.10763,49.235116],[-0.10614,49.234987],[-0.106011,49.234956],[-0.10547,49.234915],[-0.104839,49.234901],[-0.10445,49.234848],[-0.103733,49.234666],[-0.103253,49.234433],[-0.103059,49.234362],[-0.102567,49.234239],[-0.100725,49.233802],[-0.100532,49.233724],[-0.100547,49.233584],[-0.101,49.231564],[-0.10106,49.231385],[-0.100818,49.231307],[-0.09864,49.23103],[-0.097804,49.230914],[-0.096082,49.230632],[-0.09456,49.230492],[-0.093972,49.23046],[-0.093114,49.233072],[-0.092848,49.233819],[-0.092272,49.235492],[-0.091829,49.236867],[-0.091564,49.23774],[-0.091626,49.237743],[-0.091152,49.239164],[-0.090947,49.239648],[-0.090843,49.239993],[-0.09075,49.240073],[-0.090464,49.240208],[-0.089836,49.239775],[-0.089529,49.239582],[-0.08932,49.23952],[-0.088799,49.239516],[-0.088635,49.239496],[-0.087824,49.241029],[-0.087476,49.241646],[-0.087602,49.241699],[-0.088036,49.242084],[-0.088105,49.24219],[-0.088364,49.243],[-0.088249,49.243176],[-0.087879,49.243648],[-0.087473,49.244094],[-0.087151,49.244568],[-0.087053,49.244752],[-0.086979,49.245],[-0.086754,49.245386],[-0.086611,49.245767],[-0.086488,49.245961],[-0.086409,49.246159],[-0.086472,49.246298],[-0.086336,49.246647],[-0.085597,49.247333],[-0.085675,49.247556],[-0.085658,49.247785],[-0.087809,49.248322],[-0.086891,49.249056],[-0.086944,49.249229],[-0.086637,49.249456],[-0.086504,49.249454],[-0.086,49.249854],[-0.085717,49.249757],[-0.085603,49.249577],[-0.084797,49.249289],[-0.084513,49.249025],[-0.084411,49.249115],[-0.084258,49.24945],[-0.084112,49.249618],[-0.083829,49.24988],[-0.083546,49.250065],[-0.083358,49.250115],[-0.082872,49.250172],[-0.08257,49.250173],[-0.082855,49.250858],[-0.082895,49.251067],[-0.082274,49.251128],[-0.081069,49.251164],[-0.080484,49.251124],[-0.079913,49.251154],[-0.079958,49.251477],[-0.079939,49.251659],[-0.07985,49.251881],[-0.079681,49.251905],[-0.079667,49.251811],[-0.079432,49.251788],[-0.07926,49.251689],[-0.078956,49.251599],[-0.07836,49.251602],[-0.078133,49.251645],[-0.078035,49.251769],[-0.077927,49.251754],[-0.077571,49.251857],[-0.077108,49.252056],[-0.076792,49.25224],[-0.076541,49.252325],[-0.076642,49.252552],[-0.076816,49.252718],[-0.077059,49.252859],[-0.077217,49.253087],[-0.076922,49.253027],[-0.076302,49.252956],[-0.076138,49.252982],[-0.076113,49.253235],[-0.07615,49.253415],[-0.076276,49.253601],[-0.076058,49.253718],[-0.075727,49.253839],[-0.074936,49.254033],[-0.074543,49.254089],[-0.074157,49.254107],[-0.074165,49.254439],[-0.076037,49.255696],[-0.07739,49.256189],[-0.077486,49.256407],[-0.078322,49.256467],[-0.079026,49.256462],[-0.080598,49.25628],[-0.080614,49.255975],[-0.080977,49.255427],[-0.081155,49.255211],[-0.084191,49.254682],[-0.084725,49.254599],[-0.084865,49.254533],[-0.085222,49.25496],[-0.085337,49.255198],[-0.085321,49.255421],[-0.085185,49.255653],[-0.084984,49.255785],[-0.084081,49.256219],[-0.083769,49.25647],[-0.083677,49.25663],[-0.084538,49.256948],[-0.085176,49.257153],[-0.085857,49.257425],[-0.086834,49.257731],[-0.087697,49.25797],[-0.088711,49.258194],[-0.089255,49.258297],[-0.09033,49.258438],[-0.090886,49.258541],[-0.091488,49.258611],[-0.092017,49.258602],[-0.093605,49.258512],[-0.09432,49.258458],[-0.095425,49.258338],[-0.095764,49.258325],[-0.096472,49.258354],[-0.097037,49.25835],[-0.099507,49.258179],[-0.100442,49.258092],[-0.101255,49.258027],[-0.102533,49.257955],[-0.103416,49.257878],[-0.103672,49.257879],[-0.104753,49.257789],[-0.105039,49.257751],[-0.105761,49.257696],[-0.107497,49.257578],[-0.108355,49.257536],[-0.109867,49.25744],[-0.110879,49.257403]]]}},{"type":"Feature","properties":{"insee":"14117","nom":"Cabourg"},"geometry":{"type":"Polygon","coordinates":[[[-0.111734,49.285865],[-0.112104,49.28597],[-0.112039,49.286156],[-0.11193,49.286307],[-0.111622,49.286643],[-0.111462,49.286775],[-0.110938,49.287134],[-0.110218,49.287515],[-0.109412,49.287888],[-0.108818,49.288138],[-0.108076,49.288471],[-0.107578,49.288735],[-0.107155,49.288994],[-0.107037,49.289112],[-0.106866,49.289437],[-0.106849,49.289534],[-0.106915,49.289804],[-0.107068,49.290292],[-0.107126,49.290574],[-0.107147,49.291178],[-0.107108,49.291425],[-0.106945,49.291855],[-0.106842,49.292063],[-0.106398,49.292628],[-0.106154,49.293056],[-0.105894,49.293389],[-0.105869,49.293482],[-0.10558,49.293801],[-0.105384,49.294157],[-0.105125,49.294458],[-0.105141,49.294588],[-0.105079,49.294698],[-0.104821,49.294742],[-0.104659,49.294951],[-0.104388,49.295183],[-0.103699,49.295706],[-0.103102,49.295984],[-0.101997,49.296449],[-0.101353,49.296786],[-0.101015,49.29694],[-0.100559,49.297108],[-0.100287,49.297189],[-0.09972,49.297325],[-0.098658,49.29755],[-0.097776,49.297679],[-0.097026,49.297746],[-0.096585,49.297768],[-0.095628,49.297751],[-0.094698,49.297796],[-0.094276,49.297781],[-0.094018,49.297813],[-0.092719,49.297897],[-0.09212,49.297954],[-0.09176,49.297949],[-0.091211,49.297915],[-0.09089,49.297865],[-0.090717,49.297798],[-0.090642,49.297886],[-0.090455,49.297885],[-0.090395,49.297747],[-0.090467,49.297398],[-0.090267,49.297035],[-0.090188,49.296635],[-0.090202,49.29636],[-0.090142,49.296125],[-0.090088,49.296065],[-0.089863,49.296028],[-0.089608,49.296057],[-0.0894,49.296154],[-0.089215,49.29634],[-0.089352,49.296365],[-0.089432,49.296257],[-0.089616,49.296246],[-0.089308,49.296484],[-0.089217,49.296521],[-0.089108,49.296707],[-0.089004,49.296803],[-0.088998,49.297124],[-0.089043,49.297268],[-0.089262,49.297463],[-0.089718,49.297687],[-0.090034,49.297898],[-0.090116,49.298099],[-0.090367,49.298252],[-0.090438,49.298519],[-0.09054,49.298475],[-0.0915,49.298514],[-0.091745,49.298561],[-0.091848,49.298627],[-0.09199,49.298543],[-0.092527,49.298549],[-0.092721,49.298598],[-0.092806,49.298689],[-0.092929,49.298581],[-0.093231,49.298544],[-0.093612,49.298549],[-0.093837,49.29868],[-0.093936,49.298636],[-0.094534,49.298487],[-0.09492,49.298336],[-0.095229,49.298306],[-0.095486,49.298355],[-0.095684,49.298274],[-0.096373,49.298142],[-0.097079,49.29808],[-0.097971,49.297966],[-0.09842,49.297892],[-0.09865,49.297823],[-0.098762,49.297856],[-0.098938,49.297806],[-0.100352,49.297527],[-0.10047,49.297668],[-0.10114,49.297538],[-0.101378,49.297577],[-0.102209,49.297397],[-0.10304,49.2972],[-0.103172,49.297094],[-0.103538,49.297104],[-0.104293,49.296956],[-0.105167,49.296768],[-0.105724,49.296676],[-0.106591,49.296496],[-0.107328,49.296314],[-0.108192,49.296061],[-0.108291,49.296084],[-0.108544,49.296007],[-0.109054,49.295895],[-0.109987,49.29567],[-0.109891,49.295598],[-0.110212,49.295523],[-0.110415,49.295519],[-0.110462,49.295578],[-0.11113,49.295436],[-0.113333,49.294903],[-0.113837,49.294793],[-0.114031,49.294727],[-0.114314,49.294684],[-0.114555,49.294747],[-0.115092,49.294675],[-0.115739,49.294491],[-0.116576,49.294279],[-0.117765,49.294056],[-0.117917,49.2941],[-0.118218,49.294049],[-0.118813,49.29392],[-0.11955,49.293731],[-0.119649,49.293618],[-0.119901,49.293648],[-0.120514,49.293532],[-0.121248,49.293365],[-0.121435,49.293361],[-0.121849,49.293284],[-0.122658,49.293085],[-0.124565,49.292584],[-0.124598,49.292665],[-0.124832,49.292553],[-0.125393,49.292443],[-0.125993,49.292306],[-0.12672,49.292163],[-0.126953,49.292082],[-0.127357,49.292074],[-0.12817,49.291868],[-0.129266,49.291626],[-0.129311,49.291688],[-0.129601,49.291606],[-0.13025,49.291474],[-0.130504,49.291379],[-0.130909,49.29127],[-0.131432,49.291253],[-0.131578,49.291295],[-0.131807,49.29126],[-0.132671,49.29108],[-0.132698,49.291009],[-0.133164,49.290935],[-0.133207,49.290983],[-0.134934,49.290659],[-0.13506,49.290659],[-0.135495,49.290568],[-0.136511,49.2904],[-0.136794,49.290362],[-0.137458,49.290174],[-0.138135,49.290021],[-0.138426,49.290002],[-0.138771,49.289905],[-0.139279,49.289828],[-0.139299,49.289621],[-0.139285,49.289072],[-0.139323,49.288329],[-0.139425,49.285918],[-0.139493,49.285276],[-0.13953,49.284458],[-0.139598,49.2844],[-0.139652,49.283915],[-0.139525,49.283559],[-0.139117,49.282979],[-0.138666,49.282524],[-0.139665,49.282252],[-0.140319,49.282188],[-0.140629,49.282127],[-0.140861,49.281994],[-0.141125,49.28176],[-0.141425,49.281457],[-0.141641,49.281379],[-0.14196,49.281456],[-0.14219,49.281635],[-0.142314,49.281841],[-0.142578,49.281933],[-0.142978,49.281936],[-0.143396,49.281979],[-0.143768,49.282073],[-0.144158,49.282252],[-0.144493,49.282325],[-0.144838,49.282351],[-0.145209,49.282304],[-0.145464,49.282216],[-0.14566,49.282099],[-0.145818,49.281851],[-0.14583,49.281683],[-0.145766,49.281267],[-0.145566,49.280634],[-0.145569,49.280394],[-0.145663,49.280288],[-0.146188,49.279902],[-0.146593,49.279788],[-0.14674,49.279659],[-0.146808,49.27947],[-0.146817,49.279237],[-0.146708,49.278887],[-0.146424,49.278423],[-0.14672,49.278373],[-0.147125,49.278182],[-0.147544,49.277937],[-0.148411,49.277373],[-0.148601,49.277322],[-0.148969,49.277323],[-0.148809,49.276751],[-0.149218,49.276691],[-0.14964,49.276557],[-0.149889,49.276416],[-0.150096,49.276245],[-0.150302,49.276021],[-0.150673,49.27547],[-0.151133,49.274568],[-0.151086,49.274094],[-0.151045,49.273918],[-0.150857,49.273337],[-0.150552,49.27282],[-0.150195,49.272546],[-0.150026,49.272464],[-0.149759,49.272894],[-0.149151,49.272883],[-0.148923,49.27285],[-0.148682,49.272634],[-0.148445,49.272518],[-0.148033,49.272408],[-0.147837,49.272326],[-0.147571,49.272118],[-0.147383,49.271896],[-0.147303,49.271618],[-0.14723,49.271476],[-0.147026,49.271287],[-0.146807,49.271038],[-0.14683,49.270893],[-0.146955,49.270578],[-0.146946,49.270416],[-0.146833,49.270183],[-0.14686,49.27004],[-0.147186,49.269651],[-0.147418,49.269515],[-0.147621,49.269456],[-0.147837,49.269323],[-0.14805,49.268988],[-0.148083,49.268808],[-0.147309,49.268681],[-0.146671,49.268696],[-0.146256,49.268635],[-0.146197,49.268698],[-0.145463,49.268817],[-0.145028,49.268939],[-0.143901,49.269046],[-0.143273,49.26905],[-0.14285,49.269079],[-0.141789,49.269256],[-0.141713,49.26932],[-0.14172,49.269454],[-0.141637,49.270001],[-0.141578,49.270084],[-0.140975,49.269954],[-0.140672,49.269909],[-0.140417,49.269801],[-0.139696,49.26957],[-0.139422,49.269452],[-0.138848,49.269279],[-0.138482,49.269204],[-0.137566,49.269141],[-0.137407,49.269103],[-0.137241,49.268922],[-0.136345,49.26864],[-0.136342,49.26895],[-0.136064,49.268943],[-0.135671,49.269044],[-0.135514,49.269118],[-0.135149,49.269626],[-0.135076,49.269651],[-0.135095,49.269851],[-0.135074,49.270094],[-0.134299,49.270219],[-0.134403,49.271203],[-0.134466,49.271967],[-0.13451,49.272225],[-0.134614,49.272501],[-0.134697,49.272565],[-0.134659,49.272745],[-0.134446,49.273119],[-0.134234,49.273239],[-0.134058,49.27359],[-0.13395,49.273725],[-0.133749,49.273885],[-0.133607,49.273926],[-0.133451,49.274138],[-0.133316,49.274175],[-0.13319,49.274098],[-0.132957,49.274116],[-0.132585,49.274326],[-0.132393,49.274172],[-0.132284,49.274017],[-0.131121,49.273953],[-0.130771,49.273941],[-0.130093,49.27389],[-0.129875,49.273832],[-0.129725,49.274034],[-0.129671,49.27418],[-0.129571,49.274717],[-0.129336,49.275196],[-0.129372,49.275529],[-0.128677,49.275251],[-0.128015,49.275017],[-0.127332,49.27481],[-0.12666,49.274643],[-0.125796,49.274477],[-0.124974,49.274345],[-0.124167,49.274251],[-0.123312,49.274185],[-0.122044,49.274122],[-0.121033,49.274104],[-0.119998,49.274106],[-0.116619,49.274166],[-0.116634,49.274528],[-0.116553,49.276012],[-0.116552,49.276324],[-0.116458,49.276444],[-0.116253,49.276518],[-0.116046,49.276641],[-0.115602,49.276793],[-0.115394,49.276901],[-0.115302,49.277019],[-0.115183,49.277059],[-0.115054,49.277196],[-0.115017,49.277313],[-0.114877,49.277417],[-0.114227,49.277615],[-0.11383,49.277622],[-0.113012,49.278087],[-0.114365,49.278926],[-0.114568,49.279121],[-0.114606,49.279238],[-0.114635,49.279737],[-0.114578,49.280096],[-0.114588,49.280531],[-0.114678,49.280948],[-0.1148,49.281375],[-0.115061,49.282197],[-0.115004,49.282389],[-0.114858,49.282608],[-0.114649,49.282763],[-0.114079,49.282991],[-0.113344,49.283324],[-0.112587,49.283782],[-0.112363,49.284003],[-0.112203,49.284331],[-0.112021,49.285164],[-0.111854,49.285663],[-0.111734,49.285865]]]}},{"type":"Feature","properties":{"insee":"14198","nom":"Cresseveuille"},"geometry":{"type":"Polygon","coordinates":[[[0.008468,49.23106],[0.008775,49.231094],[0.009163,49.231089],[0.009397,49.231002],[0.009633,49.230999],[0.009882,49.230779],[0.01005,49.230691],[0.010402,49.230561],[0.010725,49.230539],[0.0112,49.230478],[0.01166,49.230248],[0.012117,49.22997],[0.012412,49.230002],[0.012587,49.229981],[0.012812,49.230018],[0.013231,49.229988],[0.013603,49.230044],[0.01386,49.22999],[0.014312,49.230012],[0.014892,49.229963],[0.014982,49.229926],[0.01521,49.229734],[0.015526,49.229572],[0.015897,49.229418],[0.016345,49.22913],[0.01652,49.22905],[0.0177,49.228802],[0.018444,49.2287],[0.018906,49.228603],[0.019707,49.228481],[0.019691,49.228408],[0.02066,49.228252],[0.020986,49.228189],[0.020965,49.228082],[0.02133,49.228132],[0.021778,49.228392],[0.022201,49.228611],[0.022513,49.228748],[0.022872,49.228832],[0.023061,49.228823],[0.024003,49.22869],[0.025064,49.228559],[0.025251,49.228514],[0.025299,49.228411],[0.025544,49.228308],[0.025492,49.228089],[0.02553,49.227879],[0.025653,49.227609],[0.025882,49.227285],[0.026041,49.227127],[0.026379,49.226875],[0.027184,49.226324],[0.027617,49.226007],[0.028031,49.225676],[0.028493,49.226012],[0.029459,49.226662],[0.029664,49.227056],[0.030123,49.227435],[0.030928,49.228031],[0.031261,49.228241],[0.032098,49.228564],[0.033249,49.228878],[0.033456,49.228883],[0.033874,49.229008],[0.034402,49.229279],[0.035131,49.229555],[0.036385,49.22958],[0.037085,49.22952],[0.037713,49.229373],[0.037818,49.229641],[0.037928,49.229761],[0.038398,49.229933],[0.037897,49.23061],[0.037721,49.230815],[0.037474,49.230992],[0.037095,49.231226],[0.036631,49.231473],[0.036258,49.231771],[0.035894,49.232096],[0.035326,49.232706],[0.03507,49.232942],[0.034646,49.233221],[0.03396,49.233587],[0.03378,49.233649],[0.033184,49.234126],[0.033097,49.234228],[0.033085,49.234833],[0.033144,49.235064],[0.033509,49.235769],[0.032023,49.236518],[0.030902,49.237185],[0.03061,49.237381],[0.03059,49.237456],[0.030119,49.237865],[0.029048,49.238716],[0.028774,49.238816],[0.028778,49.239208],[0.028562,49.239659],[0.028284,49.239882],[0.028209,49.240045],[0.028071,49.240033],[0.027933,49.240198],[0.027631,49.240437],[0.027356,49.240613],[0.027024,49.240775],[0.026849,49.240894],[0.026359,49.241294],[0.02597,49.24165],[0.025807,49.241837],[0.025381,49.242075],[0.024795,49.242293],[0.023698,49.242757],[0.023431,49.242891],[0.022829,49.243136],[0.022502,49.243367],[0.022276,49.243483],[0.02215,49.243593],[0.021821,49.24377],[0.021309,49.243844],[0.02122,49.243887],[0.021049,49.244073],[0.020687,49.244146],[0.020225,49.244283],[0.020124,49.244339],[0.020313,49.244543],[0.020298,49.244726],[0.020341,49.244835],[0.020345,49.245076],[0.020237,49.245205],[0.020217,49.245319],[0.020018,49.245553],[0.019725,49.245607],[0.019534,49.245696],[0.019546,49.245957],[0.019323,49.246073],[0.01912,49.246281],[0.018997,49.246346],[0.018762,49.246368],[0.018575,49.246439],[0.018343,49.246724],[0.018157,49.246805],[0.018113,49.24697],[0.017977,49.247111],[0.017975,49.247237],[0.017804,49.247351],[0.017667,49.247499],[0.017422,49.247607],[0.017486,49.247722],[0.017351,49.247767],[0.017266,49.247995],[0.017098,49.248038],[0.016828,49.248217],[0.016962,49.248342],[0.016965,49.248494],[0.01684,49.248616],[0.016558,49.248578],[0.016479,49.248608],[0.016124,49.248949],[0.015992,49.249416],[0.015955,49.249696],[0.015483,49.249769],[0.015348,49.249819],[0.015298,49.249911],[0.015315,49.250061],[0.015578,49.250252],[0.015364,49.250335],[0.015273,49.250465],[0.014984,49.250578],[0.014721,49.250521],[0.01457,49.250639],[0.01441,49.250609],[0.014181,49.250763],[0.013941,49.25071],[0.013747,49.250707],[0.013543,49.250855],[0.013324,49.250945],[0.013189,49.250941],[0.012893,49.250806],[0.012456,49.25096],[0.012387,49.250769],[0.012317,49.250702],[0.01207,49.250674],[0.011751,49.250837],[0.01083,49.250894],[0.010531,49.250947],[0.010017,49.25107],[0.009886,49.251176],[0.009661,49.251241],[0.009363,49.251248],[0.00843,49.250913],[0.007994,49.251098],[0.007223,49.251166],[0.007206,49.251336],[0.006973,49.251337],[0.006862,49.251418],[0.006259,49.251483],[0.005945,49.251569],[0.005871,49.251398],[0.006106,49.251081],[0.006167,49.250872],[0.006156,49.250729],[0.00605,49.250609],[0.005781,49.250529],[0.005592,49.250512],[0.00535,49.250425],[0.004991,49.250243],[0.004876,49.250115],[0.004676,49.250075],[0.004366,49.250079],[0.004064,49.249992],[0.003807,49.249862],[0.003595,49.249868],[0.003406,49.249988],[0.003169,49.250009],[0.00284,49.249985],[0.002169,49.249855],[0.001787,49.250214],[0.001577,49.250209],[0.001297,49.250062],[0.001163,49.250138],[0.000847,49.250104],[0.000766,49.250059],[0.000696,49.249854],[0.000436,49.249757],[0.000142,49.249728],[-0.000727,49.249369],[-0.000975,49.249373],[-0.001108,49.249316],[-0.001446,49.249301],[-0.001661,49.249254],[-0.00185,49.249372],[-0.002318,49.249526],[-0.002483,49.249523],[-0.002647,49.249253],[-0.002832,49.249225],[-0.003095,49.249326],[-0.003221,49.249269],[-0.003289,49.24894],[-0.003583,49.248995],[-0.003694,49.249078],[-0.003945,49.249101],[-0.004152,49.248991],[-0.004319,49.249],[-0.004538,49.24889],[-0.004771,49.248839],[-0.005106,49.248621],[-0.005048,49.248434],[-0.005178,49.24839],[-0.005334,49.248411],[-0.005694,49.248528],[-0.005858,49.248464],[-0.006268,49.24898],[-0.0084,49.248477],[-0.008632,49.248496],[-0.008752,49.248416],[-0.008689,49.248273],[-0.008503,49.248172],[-0.008637,49.247951],[-0.008735,49.24788],[-0.008996,49.247924],[-0.009039,49.248107],[-0.009224,49.248249],[-0.009374,49.248278],[-0.009532,49.248239],[-0.009592,49.248129],[-0.009496,49.247901],[-0.009678,49.247794],[-0.009987,49.247971],[-0.010116,49.247926],[-0.010133,49.247828],[-0.010034,49.247702],[-0.010141,49.247553],[-0.01018,49.247369],[-0.010268,49.247244],[-0.010572,49.247056],[-0.010787,49.246859],[-0.010865,49.246664],[-0.011122,49.246781],[-0.011215,49.246583],[-0.011455,49.246483],[-0.011429,49.246402],[-0.011606,49.24623],[-0.011712,49.246177],[-0.011877,49.246202],[-0.012156,49.246146],[-0.012471,49.246176],[-0.012713,49.246107],[-0.01268,49.245821],[-0.012547,49.245626],[-0.012329,49.245417],[-0.012269,49.245205],[-0.012018,49.245316],[-0.0118,49.245371],[-0.011467,49.245341],[-0.011421,49.245276],[-0.011548,49.245002],[-0.011735,49.244908],[-0.011653,49.244694],[-0.011412,49.24461],[-0.011445,49.244424],[-0.011245,49.244403],[-0.011163,49.244248],[-0.010948,49.243982],[-0.011057,49.243867],[-0.01038,49.243639],[-0.010208,49.243493],[-0.010158,49.243326],[-0.010037,49.243249],[-0.010069,49.243113],[-0.009917,49.242877],[-0.010243,49.242745],[-0.010262,49.242602],[-0.01058,49.242597],[-0.010564,49.2425],[-0.010435,49.242371],[-0.010662,49.242354],[-0.010682,49.242214],[-0.010515,49.242133],[-0.010476,49.242002],[-0.010591,49.241888],[-0.010514,49.241717],[-0.010299,49.241607],[-0.010218,49.2415],[-0.010287,49.241356],[-0.010204,49.241309],[-0.009697,49.241203],[-0.009666,49.240891],[-0.009444,49.240879],[-0.009148,49.240943],[-0.008891,49.241051],[-0.008686,49.240934],[-0.008637,49.240844],[-0.008801,49.240659],[-0.008727,49.240447],[-0.008599,49.240237],[-0.008565,49.240049],[-0.008571,49.239824],[-0.008688,49.239693],[-0.008806,49.239666],[-0.008835,49.239497],[-0.008798,49.239317],[-0.00895,49.239039],[-0.008803,49.238923],[-0.008622,49.238902],[-0.008465,49.238817],[-0.0084,49.238715],[-0.008261,49.238705],[-0.008144,49.238625],[-0.008131,49.238478],[-0.007831,49.238405],[-0.007659,49.238112],[-0.007443,49.238033],[-0.007426,49.237954],[-0.007174,49.237811],[-0.007044,49.237402],[-0.006828,49.237259],[-0.006517,49.23718],[-0.006329,49.236857],[-0.006012,49.236668],[-0.005946,49.236411],[-0.00587,49.23629],[-0.005849,49.236136],[-0.005739,49.235756],[-0.005569,49.235478],[-0.005341,49.235312],[-0.00494,49.235226],[-0.004736,49.235268],[-0.004459,49.235223],[-0.004036,49.234975],[-0.003487,49.234836],[-0.00327,49.234808],[-0.003135,49.234682],[-0.002893,49.234618],[-0.002672,49.2345],[-0.002046,49.234474],[-0.001831,49.234335],[-0.001356,49.234309],[-0.001117,49.234246],[-0.000683,49.234264],[-0.000416,49.234146],[-5.2e-05,49.234137],[-3.7e-05,49.233993],[0.000197,49.233975],[0.000275,49.234087],[0.000522,49.233941],[0.000541,49.233862],[0.000799,49.233795],[0.000948,49.233716],[0.001262,49.23373],[0.001643,49.233654],[0.001906,49.233647],[0.002086,49.233561],[0.002356,49.233624],[0.002525,49.233607],[0.002612,49.233497],[0.002787,49.233445],[0.002916,49.233298],[0.003254,49.233493],[0.003359,49.233466],[0.003721,49.233476],[0.003892,49.233524],[0.004153,49.233355],[0.004241,49.233166],[0.004784,49.23291],[0.004959,49.232761],[0.005479,49.232501],[0.00565,49.232216],[0.006088,49.231959],[0.006398,49.231913],[0.006522,49.231838],[0.006827,49.231733],[0.007086,49.231594],[0.007523,49.231398],[0.007588,49.231342],[0.00823,49.231219],[0.008168,49.231053],[0.008468,49.23106]]]}},{"type":"Feature","properties":{"insee":"14203","nom":"Cricqueville-en-Auge"},"geometry":{"type":"Polygon","coordinates":[[[-0.076541,49.252325],[-0.076792,49.25224],[-0.077108,49.252056],[-0.077571,49.251857],[-0.077927,49.251754],[-0.078035,49.251769],[-0.078133,49.251645],[-0.07836,49.251602],[-0.078956,49.251599],[-0.07926,49.251689],[-0.079432,49.251788],[-0.079667,49.251811],[-0.079681,49.251905],[-0.07985,49.251881],[-0.079939,49.251659],[-0.079958,49.251477],[-0.079913,49.251154],[-0.080484,49.251124],[-0.081069,49.251164],[-0.082274,49.251128],[-0.082895,49.251067],[-0.082855,49.250858],[-0.08257,49.250173],[-0.082872,49.250172],[-0.083358,49.250115],[-0.083546,49.250065],[-0.083829,49.24988],[-0.084112,49.249618],[-0.084258,49.24945],[-0.084411,49.249115],[-0.084513,49.249025],[-0.084797,49.249289],[-0.085603,49.249577],[-0.085717,49.249757],[-0.086,49.249854],[-0.086504,49.249454],[-0.086637,49.249456],[-0.086944,49.249229],[-0.086891,49.249056],[-0.087809,49.248322],[-0.085658,49.247785],[-0.085675,49.247556],[-0.085597,49.247333],[-0.086336,49.246647],[-0.086472,49.246298],[-0.086409,49.246159],[-0.086488,49.245961],[-0.086611,49.245767],[-0.086754,49.245386],[-0.086979,49.245],[-0.087053,49.244752],[-0.087151,49.244568],[-0.087473,49.244094],[-0.087879,49.243648],[-0.088249,49.243176],[-0.088364,49.243],[-0.088105,49.24219],[-0.088036,49.242084],[-0.087602,49.241699],[-0.087476,49.241646],[-0.087824,49.241029],[-0.088635,49.239496],[-0.088799,49.239516],[-0.08932,49.23952],[-0.089529,49.239582],[-0.089836,49.239775],[-0.090464,49.240208],[-0.09075,49.240073],[-0.090843,49.239993],[-0.090947,49.239648],[-0.091152,49.239164],[-0.091626,49.237743],[-0.091564,49.23774],[-0.091829,49.236867],[-0.092272,49.235492],[-0.092848,49.233819],[-0.093114,49.233072],[-0.093972,49.23046],[-0.094012,49.230382],[-0.094293,49.22953],[-0.092858,49.229498],[-0.092402,49.229509],[-0.0921,49.229558],[-0.091753,49.229691],[-0.091616,49.229784],[-0.09123,49.229485],[-0.089503,49.228317],[-0.089403,49.228225],[-0.087692,49.228992],[-0.085285,49.227528],[-0.084952,49.227698],[-0.084776,49.227605],[-0.08442,49.227336],[-0.083852,49.226956],[-0.08366,49.22686],[-0.083174,49.226565],[-0.083018,49.226433],[-0.083112,49.226353],[-0.082212,49.226137],[-0.081274,49.225748],[-0.081919,49.225258],[-0.082169,49.225098],[-0.08246,49.22496],[-0.082802,49.224843],[-0.082586,49.224557],[-0.081989,49.223983],[-0.081775,49.223741],[-0.0816,49.223663],[-0.081255,49.223583],[-0.080354,49.223343],[-0.079929,49.223211],[-0.079697,49.223106],[-0.079463,49.222889],[-0.079402,49.222753],[-0.07913,49.222392],[-0.079173,49.222149],[-0.07822,49.222361],[-0.077127,49.222588],[-0.076332,49.222761],[-0.075614,49.222904],[-0.073416,49.223361],[-0.07158,49.22376],[-0.069908,49.224142],[-0.068544,49.224448],[-0.066783,49.224821],[-0.064931,49.225207],[-0.062339,49.22578],[-0.061553,49.225988],[-0.059431,49.22663],[-0.056765,49.227457],[-0.055558,49.227819],[-0.05566,49.227982],[-0.056094,49.22842],[-0.05617,49.228599],[-0.056649,49.229048],[-0.056799,49.229223],[-0.057217,49.22904],[-0.057543,49.228965],[-0.057695,49.229209],[-0.057833,49.229547],[-0.057868,49.229734],[-0.058058,49.230276],[-0.057865,49.230427],[-0.05807,49.23116],[-0.058287,49.23185],[-0.058424,49.232239],[-0.057942,49.232319],[-0.056743,49.232597],[-0.055658,49.232573],[-0.055173,49.232516],[-0.055039,49.232654],[-0.055426,49.233321],[-0.056449,49.234682],[-0.054957,49.234733],[-0.054856,49.235202],[-0.054531,49.235357],[-0.054039,49.235542],[-0.055376,49.237003],[-0.055548,49.236965],[-0.055792,49.237174],[-0.056037,49.23701],[-0.05612,49.237041],[-0.056661,49.236747],[-0.057463,49.236483],[-0.057551,49.23717],[-0.057279,49.23708],[-0.05714,49.23708],[-0.057053,49.237158],[-0.05705,49.237293],[-0.05691,49.238972],[-0.056903,49.23928],[-0.05696,49.239893],[-0.056845,49.239893],[-0.05657,49.239784],[-0.056306,49.239916],[-0.055766,49.239951],[-0.055498,49.240077],[-0.055262,49.240086],[-0.055043,49.240052],[-0.054648,49.240031],[-0.054282,49.240051],[-0.053985,49.240108],[-0.053773,49.240249],[-0.054077,49.240724],[-0.054332,49.241223],[-0.054625,49.241723],[-0.054756,49.241987],[-0.055001,49.241971],[-0.055239,49.242042],[-0.055561,49.242236],[-0.05572,49.242287],[-0.056201,49.242311],[-0.056288,49.24261],[-0.056178,49.243447],[-0.055989,49.243982],[-0.05586,49.244156],[-0.056256,49.24431],[-0.056748,49.244799],[-0.056925,49.245076],[-0.056969,49.245356],[-0.057038,49.245548],[-0.057077,49.245846],[-0.056921,49.245917],[-0.057032,49.246033],[-0.057062,49.246306],[-0.056992,49.246639],[-0.056881,49.246704],[-0.056616,49.246773],[-0.056415,49.246963],[-0.05603,49.247073],[-0.055591,49.247266],[-0.055378,49.247857],[-0.055362,49.248091],[-0.0553,49.248392],[-0.056411,49.248355],[-0.057288,49.248309],[-0.057496,49.24877],[-0.0575,49.248942],[-0.0579,49.249685],[-0.05952,49.24941],[-0.060124,49.249202],[-0.060278,49.249401],[-0.060552,49.249545],[-0.060846,49.249612],[-0.060988,49.249697],[-0.0611,49.249842],[-0.062107,49.250024],[-0.062499,49.250162],[-0.06275,49.25016],[-0.062739,49.24999],[-0.062787,49.249856],[-0.062901,49.249737],[-0.063335,49.249528],[-0.063984,49.249567],[-0.064328,49.249513],[-0.064481,49.249518],[-0.065229,49.249689],[-0.065068,49.250447],[-0.067248,49.25112],[-0.067271,49.251037],[-0.067518,49.250767],[-0.067769,49.250614],[-0.068674,49.250378],[-0.069411,49.251518],[-0.070828,49.2512],[-0.071694,49.250952],[-0.072473,49.250685],[-0.073008,49.250579],[-0.073224,49.250575],[-0.074149,49.250611],[-0.074634,49.250641],[-0.07442,49.251004],[-0.075056,49.251312],[-0.075447,49.251425],[-0.075728,49.251604],[-0.076067,49.25177],[-0.07613,49.25188],[-0.076509,49.252257],[-0.076541,49.252325]]]}},{"type":"Feature","properties":{"insee":"14225","nom":"Dives-sur-Mer"},"geometry":{"type":"Polygon","coordinates":[[[-0.112678,49.277936],[-0.112079,49.278136],[-0.111781,49.278111],[-0.111085,49.278096],[-0.110741,49.278144],[-0.110454,49.278216],[-0.109999,49.278238],[-0.109912,49.278207],[-0.109825,49.278045],[-0.10925,49.277776],[-0.109099,49.277859],[-0.108323,49.277888],[-0.107755,49.277925],[-0.106984,49.277955],[-0.106683,49.278088],[-0.10648,49.278073],[-0.106392,49.27796],[-0.10621,49.277952],[-0.106124,49.278056],[-0.10586,49.278125],[-0.105676,49.278133],[-0.105552,49.278015],[-0.105344,49.27792],[-0.105361,49.277812],[-0.10505,49.277823],[-0.104977,49.277648],[-0.10464,49.277497],[-0.103903,49.277387],[-0.103535,49.277216],[-0.103625,49.276423],[-0.103587,49.276367],[-0.103728,49.275326],[-0.103738,49.275122],[-0.10311,49.275342],[-0.102784,49.275425],[-0.101661,49.275619],[-0.101507,49.275661],[-0.100897,49.275686],[-0.100077,49.275644],[-0.098667,49.275605],[-0.098865,49.274737],[-0.098567,49.274665],[-0.098014,49.274594],[-0.097726,49.274519],[-0.097467,49.274577],[-0.096762,49.274541],[-0.096175,49.274457],[-0.095855,49.274503],[-0.095263,49.274333],[-0.095018,49.274226],[-0.094853,49.274101],[-0.094685,49.274042],[-0.094548,49.274425],[-0.093334,49.274164],[-0.091804,49.273871],[-0.091227,49.273773],[-0.090842,49.273727],[-0.089637,49.273714],[-0.089143,49.273727],[-0.088198,49.273683],[-0.087598,49.273687],[-0.087337,49.273666],[-0.086848,49.27368],[-0.08661,49.273705],[-0.086244,49.273782],[-0.085454,49.273802],[-0.084434,49.273776],[-0.084107,49.273826],[-0.08366,49.273967],[-0.083587,49.273833],[-0.083522,49.273538],[-0.083564,49.272545],[-0.082786,49.272478],[-0.082876,49.271932],[-0.08297,49.271505],[-0.082594,49.271348],[-0.082378,49.271323],[-0.081314,49.271245],[-0.080981,49.271231],[-0.080869,49.27139],[-0.079744,49.271239],[-0.079973,49.270912],[-0.080035,49.270745],[-0.080069,49.270427],[-0.080013,49.269915],[-0.079897,49.26948],[-0.079661,49.269566],[-0.079274,49.269611],[-0.079281,49.269469],[-0.079974,49.268923],[-0.080349,49.269079],[-0.08078,49.269219],[-0.081564,49.269386],[-0.08157,49.269015],[-0.081635,49.268847],[-0.080682,49.268162],[-0.080388,49.268191],[-0.079696,49.268207],[-0.079725,49.267811],[-0.078806,49.26777],[-0.078817,49.267874],[-0.078707,49.268151],[-0.076269,49.269173],[-0.076401,49.269574],[-0.076143,49.269714],[-0.07595,49.269915],[-0.075699,49.270081],[-0.075039,49.270339],[-0.074808,49.270398],[-0.073716,49.270905],[-0.072785,49.271113],[-0.071026,49.27203],[-0.070489,49.272483],[-0.070064,49.272958],[-0.069882,49.273234],[-0.069479,49.273622],[-0.069289,49.273746],[-0.068745,49.274041],[-0.068771,49.274359],[-0.068852,49.274969],[-0.068835,49.275685],[-0.068639,49.27652],[-0.068539,49.27723],[-0.068234,49.277172],[-0.067392,49.277054],[-0.067309,49.277276],[-0.066943,49.27777],[-0.065952,49.279234],[-0.065727,49.279685],[-0.065441,49.280756],[-0.065355,49.280958],[-0.064852,49.281574],[-0.064514,49.28215],[-0.064246,49.2828],[-0.06383,49.283685],[-0.06414,49.283843],[-0.064881,49.284173],[-0.065281,49.284335],[-0.06572,49.284431],[-0.06544,49.284929],[-0.065008,49.285558],[-0.065067,49.285718],[-0.06538,49.28607],[-0.066071,49.286475],[-0.066287,49.286528],[-0.066564,49.286485],[-0.066836,49.286504],[-0.067423,49.286577],[-0.067917,49.286701],[-0.067945,49.286837],[-0.068087,49.286909],[-0.068732,49.287004],[-0.069259,49.287098],[-0.070076,49.287317],[-0.069744,49.288051],[-0.069491,49.288743],[-0.069209,49.289451],[-0.069214,49.289501],[-0.069464,49.289555],[-0.070149,49.289762],[-0.070933,49.29009],[-0.071226,49.290147],[-0.071561,49.290138],[-0.071669,49.289676],[-0.071781,49.289602],[-0.072347,49.289449],[-0.072495,49.289365],[-0.072493,49.289273],[-0.073097,49.289153],[-0.073335,49.289048],[-0.073541,49.289077],[-0.074391,49.289129],[-0.074863,49.289135],[-0.074902,49.289329],[-0.075465,49.289337],[-0.075627,49.289242],[-0.076037,49.289216],[-0.077112,49.289111],[-0.077633,49.288881],[-0.078893,49.288563],[-0.079034,49.288487],[-0.079382,49.288435],[-0.079846,49.288331],[-0.079995,49.288449],[-0.080263,49.288775],[-0.080317,49.28874],[-0.080884,49.288546],[-0.081563,49.288289],[-0.082048,49.287993],[-0.082861,49.287651],[-0.083066,49.28759],[-0.083303,49.287337],[-0.083681,49.287091],[-0.083929,49.286966],[-0.08416,49.287133],[-0.08444,49.287408],[-0.084724,49.287634],[-0.085038,49.288035],[-0.084914,49.288102],[-0.085871,49.289066],[-0.085815,49.289106],[-0.086366,49.289792],[-0.086831,49.290456],[-0.087468,49.290994],[-0.087748,49.2914],[-0.087366,49.291565],[-0.087043,49.29228],[-0.086903,49.292342],[-0.08684,49.292703],[-0.086721,49.292852],[-0.086692,49.293194],[-0.087731,49.293547],[-0.087961,49.293585],[-0.08838,49.293823],[-0.088722,49.29396],[-0.088813,49.293933],[-0.089192,49.293972],[-0.090327,49.294414],[-0.090103,49.294592],[-0.089739,49.294772],[-0.089762,49.294916],[-0.089976,49.294933],[-0.089994,49.295004],[-0.091328,49.295006],[-0.091351,49.294933],[-0.091601,49.294859],[-0.091739,49.29474],[-0.091873,49.294556],[-0.091858,49.294435],[-0.091994,49.294413],[-0.092336,49.294611],[-0.092168,49.294795],[-0.092198,49.294831],[-0.092563,49.294722],[-0.092637,49.294819],[-0.093408,49.294593],[-0.093452,49.294637],[-0.093709,49.294567],[-0.093678,49.294514],[-0.09457,49.294248],[-0.094429,49.294023],[-0.095699,49.293643],[-0.097848,49.293019],[-0.09911,49.292656],[-0.099509,49.293224],[-0.099553,49.293391],[-0.099652,49.293443],[-0.100104,49.294097],[-0.098941,49.294438],[-0.097965,49.294713],[-0.096144,49.294352],[-0.096095,49.294209],[-0.095946,49.294249],[-0.09591,49.29434],[-0.094842,49.294646],[-0.094691,49.294434],[-0.093795,49.294691],[-0.093513,49.294734],[-0.093496,49.294875],[-0.093583,49.295052],[-0.093746,49.295116],[-0.093925,49.295124],[-0.094223,49.295058],[-0.094828,49.295153],[-0.095564,49.29531],[-0.096045,49.295373],[-0.096827,49.295527],[-0.097431,49.295627],[-0.09863,49.295849],[-0.09891,49.295824],[-0.100039,49.295386],[-0.100469,49.295263],[-0.100924,49.295098],[-0.101362,49.295039],[-0.102031,49.29512],[-0.102131,49.295045],[-0.102161,49.294862],[-0.102248,49.294694],[-0.102385,49.294572],[-0.102989,49.294266],[-0.103344,49.294032],[-0.103458,49.293893],[-0.103549,49.293627],[-0.103663,49.293001],[-0.103719,49.292244],[-0.103841,49.291775],[-0.103889,49.291411],[-0.104009,49.291018],[-0.104131,49.290703],[-0.104328,49.29032],[-0.104575,49.290048],[-0.105334,49.289402],[-0.105763,49.289013],[-0.106131,49.288717],[-0.106536,49.288352],[-0.106754,49.288102],[-0.107009,49.28793],[-0.107568,49.28768],[-0.1081,49.287468],[-0.108886,49.287193],[-0.109599,49.286922],[-0.110262,49.286566],[-0.110365,49.286486],[-0.110798,49.286235],[-0.111123,49.285969],[-0.111293,49.285757],[-0.111734,49.285865],[-0.111854,49.285663],[-0.112021,49.285164],[-0.112203,49.284331],[-0.112363,49.284003],[-0.112587,49.283782],[-0.113344,49.283324],[-0.114079,49.282991],[-0.114649,49.282763],[-0.114858,49.282608],[-0.115004,49.282389],[-0.115061,49.282197],[-0.1148,49.281375],[-0.114678,49.280948],[-0.114588,49.280531],[-0.114578,49.280096],[-0.114635,49.279737],[-0.114606,49.279238],[-0.114568,49.279121],[-0.114365,49.278926],[-0.113012,49.278087],[-0.112678,49.277936]]]}},{"type":"Feature","properties":{"insee":"14227","nom":"Douville-en-Auge"},"geometry":{"type":"Polygon","coordinates":[[[-0.000374,49.281771],[-0.001339,49.280742],[-0.002693,49.280311],[-0.002899,49.280307],[-0.003584,49.280516],[-0.003803,49.28067],[-0.004272,49.280888],[-0.004611,49.281012],[-0.005036,49.281125],[-0.005885,49.281327],[-0.006393,49.281391],[-0.00721,49.281462],[-0.008029,49.28147],[-0.009329,49.281541],[-0.009532,49.281472],[-0.009838,49.281131],[-0.010336,49.280756],[-0.01059,49.280619],[-0.010727,49.280629],[-0.011831,49.280019],[-0.012516,49.279531],[-0.013458,49.278927],[-0.014147,49.278369],[-0.014525,49.27792],[-0.014963,49.276661],[-0.015085,49.276545],[-0.017243,49.276955],[-0.018103,49.277103],[-0.01841,49.277211],[-0.018634,49.277383],[-0.019415,49.277477],[-0.019592,49.277478],[-0.01978,49.277425],[-0.020237,49.276848],[-0.020043,49.275768],[-0.020309,49.275682],[-0.020599,49.275624],[-0.021311,49.275533],[-0.021562,49.275434],[-0.021662,49.275348],[-0.022411,49.274919],[-0.022774,49.274739],[-0.023385,49.274468],[-0.023652,49.274373],[-0.024432,49.274148],[-0.025296,49.273794],[-0.025808,49.273597],[-0.026865,49.273312],[-0.028623,49.272852],[-0.02919,49.272758],[-0.029657,49.272654],[-0.030327,49.272464],[-0.03065,49.272328],[-0.030799,49.272226],[-0.031268,49.272031],[-0.032654,49.271333],[-0.032902,49.271227],[-0.033134,49.271062],[-0.033686,49.27079],[-0.03432,49.270528],[-0.035109,49.27016],[-0.035395,49.269974],[-0.035615,49.269932],[-0.036941,49.269611],[-0.03739,49.269526],[-0.037903,49.269471],[-0.03831,49.269486],[-0.038917,49.269538],[-0.038964,49.269271],[-0.03902,49.268642],[-0.039011,49.268248],[-0.039027,49.267421],[-0.038867,49.267232],[-0.039125,49.266979],[-0.039703,49.266149],[-0.039854,49.265965],[-0.040235,49.26562],[-0.040797,49.265261],[-0.04069,49.265055],[-0.040688,49.264899],[-0.040975,49.264544],[-0.041033,49.264337],[-0.041414,49.264027],[-0.041587,49.263784],[-0.041617,49.263623],[-0.041551,49.263409],[-0.041358,49.263119],[-0.041124,49.262856],[-0.040891,49.262698],[-0.040747,49.262526],[-0.040235,49.262119],[-0.039995,49.261951],[-0.039879,49.261758],[-0.039576,49.261424],[-0.039526,49.261304],[-0.039521,49.261105],[-0.03957,49.260973],[-0.039799,49.260631],[-0.040109,49.260346],[-0.040269,49.26005],[-0.040146,49.259753],[-0.039785,49.259367],[-0.039567,49.259314],[-0.039533,49.259091],[-0.039392,49.258856],[-0.03924,49.25869],[-0.039216,49.258413],[-0.039351,49.258283],[-0.039389,49.258156],[-0.03938,49.257573],[-0.039399,49.257453],[-0.039331,49.257305],[-0.039185,49.257165],[-0.039241,49.257089],[-0.039153,49.256752],[-0.038857,49.256425],[-0.0388,49.256107],[-0.038836,49.255687],[-0.038802,49.255495],[-0.038825,49.255056],[-0.038804,49.254851],[-0.038709,49.254535],[-0.038628,49.254429],[-0.038372,49.254211],[-0.038238,49.254133],[-0.03818,49.253934],[-0.038158,49.253684],[-0.03819,49.253523],[-0.03797,49.252939],[-0.038086,49.252493],[-0.038195,49.252311],[-0.03817,49.252175],[-0.037897,49.251967],[-0.037778,49.251681],[-0.037796,49.251512],[-0.037663,49.251453],[-0.037617,49.251247],[-0.037451,49.251145],[-0.036409,49.251505],[-0.034431,49.252154],[-0.034147,49.251823],[-0.03388,49.25162],[-0.033505,49.251446],[-0.033252,49.251692],[-0.032649,49.252096],[-0.032269,49.252456],[-0.032095,49.252242],[-0.031806,49.252086],[-0.031091,49.251852],[-0.030857,49.25172],[-0.030615,49.251506],[-0.030342,49.251402],[-0.029966,49.251342],[-0.02969,49.251339],[-0.028698,49.251511],[-0.027792,49.251633],[-0.027908,49.252083],[-0.028082,49.252329],[-0.028188,49.252428],[-0.028469,49.252549],[-0.028661,49.252757],[-0.02879,49.253012],[-0.028744,49.253269],[-0.028783,49.253389],[-0.028721,49.253869],[-0.028388,49.253748],[-0.027843,49.253508],[-0.026544,49.252988],[-0.025479,49.252502],[-0.025323,49.252475],[-0.023332,49.251783],[-0.022489,49.251523],[-0.021792,49.251348],[-0.021712,49.251435],[-0.021922,49.25155],[-0.022043,49.251693],[-0.022115,49.251864],[-0.022285,49.253109],[-0.022315,49.253225],[-0.021151,49.253507],[-0.021074,49.253318],[-0.020862,49.253358],[-0.020574,49.253459],[-0.020648,49.253764],[-0.019344,49.254308],[-0.019254,49.254289],[-0.018952,49.254034],[-0.018721,49.254064],[-0.01851,49.254032],[-0.018127,49.253804],[-0.017839,49.253721],[-0.017776,49.253623],[-0.01751,49.253475],[-0.017334,49.253444],[-0.0172,49.253245],[-0.017386,49.253201],[-0.017436,49.25312],[-0.017099,49.252816],[-0.017164,49.252723],[-0.017072,49.252648],[-0.017037,49.252502],[-0.017021,49.252104],[-0.01704,49.252005],[-0.016941,49.251922],[-0.016523,49.251851],[-0.01615,49.251715],[-0.016029,49.251575],[-0.015894,49.2515],[-0.015698,49.251458],[-0.015382,49.251275],[-0.015086,49.251052],[-0.014956,49.250882],[-0.014871,49.250694],[-0.014868,49.250447],[-0.014904,49.250212],[-0.015018,49.249988],[-0.015025,49.249835],[-0.014931,49.249709],[-0.014785,49.249717],[-0.014853,49.249437],[-0.014772,49.249324],[-0.014594,49.249262],[-0.014163,49.249198],[-0.014,49.249021],[-0.013981,49.248913],[-0.013857,49.248799],[-0.013761,49.248545],[-0.013352,49.248211],[-0.01335,49.248106],[-0.013226,49.247952],[-0.012962,49.247891],[-0.01316,49.248183],[-0.013067,49.248343],[-0.0127,49.248464],[-0.012533,49.248558],[-0.012351,49.248603],[-0.011969,49.248649],[-0.010308,49.248983],[-0.010295,49.248999],[-0.009804,49.249092],[-0.009765,49.249125],[-0.010012,49.249706],[-0.01033,49.250275],[-0.010298,49.250322],[-0.009431,49.251198],[-0.009162,49.251457],[-0.00893,49.251726],[-0.008442,49.252358],[-0.008015,49.252962],[-0.007622,49.253406],[-0.006866,49.254439],[-0.007018,49.25472],[-0.006245,49.255034],[-0.006029,49.255209],[-0.005767,49.255723],[-0.005635,49.25585],[-0.005214,49.256095],[-0.004961,49.256279],[-0.004325,49.256629],[-0.00376,49.256983],[-0.003583,49.257129],[-0.003267,49.257533],[-0.003169,49.257759],[-0.003925,49.258058],[-0.004776,49.258406],[-0.004458,49.258578],[-0.004032,49.258779],[-0.004984,49.259726],[-0.005484,49.259544],[-0.005857,49.260323],[-0.005973,49.261356],[-0.006794,49.26117],[-0.007139,49.262207],[-0.007921,49.264211],[-0.00806,49.265632],[-0.007548,49.265733],[-0.007611,49.266315],[-0.007737,49.266745],[-0.008655,49.268488],[-0.009091,49.269241],[-0.009196,49.26953],[-0.009194,49.269726],[-0.008944,49.270179],[-0.008803,49.270334],[-0.008806,49.270757],[-0.008856,49.271004],[-0.00898,49.271176],[-0.009129,49.271313],[-0.010081,49.271811],[-0.009805,49.272294],[-0.009691,49.272344],[-0.009291,49.272431],[-0.008925,49.272454],[-0.008216,49.272536],[-0.007952,49.272538],[-0.007895,49.272905],[-0.007887,49.273261],[-0.007793,49.273714],[-0.007399,49.274534],[-0.007442,49.275465],[-0.007487,49.275595],[-0.008674,49.275783],[-0.00842,49.276311],[-0.008248,49.276285],[-0.007669,49.277322],[-0.00749,49.277164],[-0.007242,49.277026],[-0.007069,49.276987],[-0.006912,49.277168],[-0.006393,49.277704],[-0.00572,49.278255],[-0.005491,49.278456],[-0.005262,49.278746],[-0.003359,49.278751],[-0.002707,49.278742],[-0.001647,49.27875],[-0.001386,49.278734],[-0.000974,49.279288],[-7.1e-05,49.280362],[0.000718,49.281338],[0.000202,49.281502],[-0.000374,49.281771]]]}},{"type":"Feature","properties":{"insee":"14229","nom":"Dozulé"},"geometry":{"type":"Polygon","coordinates":[[[-0.035928,49.210367],[-0.035673,49.210758],[-0.035507,49.211109],[-0.035233,49.211614],[-0.035198,49.212013],[-0.035135,49.212165],[-0.034989,49.2123],[-0.034659,49.2128],[-0.034425,49.213025],[-0.034008,49.213321],[-0.034038,49.213904],[-0.034023,49.214466],[-0.034029,49.215006],[-0.034123,49.215237],[-0.034344,49.215383],[-0.034546,49.215441],[-0.034813,49.215573],[-0.034869,49.215699],[-0.034852,49.215865],[-0.03465,49.216057],[-0.034604,49.216164],[-0.034624,49.216417],[-0.034874,49.216624],[-0.035012,49.216924],[-0.035418,49.217082],[-0.035509,49.217172],[-0.035525,49.217327],[-0.035472,49.217499],[-0.035309,49.217771],[-0.035138,49.217994],[-0.035147,49.218261],[-0.034967,49.218592],[-0.034801,49.218738],[-0.034888,49.21909],[-0.035496,49.219426],[-0.035761,49.219619],[-0.035728,49.21993],[-0.035363,49.220532],[-0.035044,49.220969],[-0.034825,49.221136],[-0.034742,49.221291],[-0.034624,49.221374],[-0.03464,49.22148],[-0.03427,49.221688],[-0.034299,49.221927],[-0.034241,49.222174],[-0.033707,49.222399],[-0.033687,49.222685],[-0.033692,49.223049],[-0.033721,49.223271],[-0.033262,49.223567],[-0.033072,49.223835],[-0.033171,49.223974],[-0.033177,49.224077],[-0.032904,49.224252],[-0.032792,49.224665],[-0.032805,49.225051],[-0.032869,49.225511],[-0.032873,49.22573],[-0.032705,49.226083],[-0.032718,49.226257],[-0.032578,49.226466],[-0.032374,49.226671],[-0.032365,49.226889],[-0.032443,49.227045],[-0.032598,49.22716],[-0.032774,49.22738],[-0.032949,49.227519],[-0.03302,49.227734],[-0.033119,49.227839],[-0.033392,49.227838],[-0.033537,49.227917],[-0.033719,49.228354],[-0.03386,49.228414],[-0.034129,49.228407],[-0.034433,49.228565],[-0.034561,49.228826],[-0.034786,49.229011],[-0.035372,49.229396],[-0.035614,49.229685],[-0.035652,49.229789],[-0.035973,49.230086],[-0.036067,49.230342],[-0.035905,49.230532],[-0.036089,49.230647],[-0.036071,49.230833],[-0.036158,49.231028],[-0.036277,49.231138],[-0.036281,49.231277],[-0.036183,49.231394],[-0.036168,49.231511],[-0.036252,49.231667],[-0.036266,49.231907],[-0.036223,49.232161],[-0.036275,49.232331],[-0.036278,49.232615],[-0.036218,49.232914],[-0.036314,49.233428],[-0.036434,49.2336],[-0.036453,49.233708],[-0.036677,49.234091],[-0.036855,49.234296],[-0.036823,49.234396],[-0.036904,49.234476],[-0.036583,49.23466],[-0.034338,49.235855],[-0.033438,49.236329],[-0.033108,49.236481],[-0.03221,49.236816],[-0.032336,49.23693],[-0.03277,49.23695],[-0.033528,49.236924],[-0.035042,49.236831],[-0.035583,49.236756],[-0.035923,49.236747],[-0.03643,49.236811],[-0.03685,49.23689],[-0.037362,49.237022],[-0.03778,49.237191],[-0.039379,49.23798],[-0.039742,49.238184],[-0.040211,49.238393],[-0.040636,49.23856],[-0.041434,49.238918],[-0.041585,49.238959],[-0.041817,49.239312],[-0.042174,49.239812],[-0.042257,49.240008],[-0.042589,49.240533],[-0.042822,49.240791],[-0.042146,49.240918],[-0.041532,49.241683],[-0.04018,49.243213],[-0.03972,49.243757],[-0.039512,49.244041],[-0.039875,49.244066],[-0.04023,49.244022],[-0.040431,49.244055],[-0.040688,49.244029],[-0.040873,49.244047],[-0.041212,49.244013],[-0.041437,49.243934],[-0.041729,49.243792],[-0.042091,49.243722],[-0.042708,49.24354],[-0.042896,49.243445],[-0.043116,49.243415],[-0.043287,49.243293],[-0.043544,49.243205],[-0.0438,49.24318],[-0.044307,49.243188],[-0.044832,49.243106],[-0.045307,49.243799],[-0.045659,49.244395],[-0.045985,49.244415],[-0.046098,49.244841],[-0.046303,49.245222],[-0.046495,49.245395],[-0.047057,49.2461],[-0.047587,49.246955],[-0.048003,49.247675],[-0.048107,49.247928],[-0.048036,49.248133],[-0.048666,49.248217],[-0.048911,49.248316],[-0.049725,49.248819],[-0.049783,49.248909],[-0.051353,49.248256],[-0.051455,49.248414],[-0.05141,49.24851],[-0.051532,49.248703],[-0.0516,49.248896],[-0.051617,49.249096],[-0.051863,49.249151],[-0.052291,49.249288],[-0.052695,49.249331],[-0.053563,49.249256],[-0.053626,49.249413],[-0.054402,49.249568],[-0.054768,49.249602],[-0.055844,49.249732],[-0.057349,49.249857],[-0.057689,49.249872],[-0.058417,49.24983],[-0.059652,49.249898],[-0.060128,49.249945],[-0.06057,49.249938],[-0.0611,49.249842],[-0.060988,49.249697],[-0.060846,49.249612],[-0.060552,49.249545],[-0.060278,49.249401],[-0.060124,49.249202],[-0.05952,49.24941],[-0.0579,49.249685],[-0.0575,49.248942],[-0.057496,49.24877],[-0.057288,49.248309],[-0.056411,49.248355],[-0.0553,49.248392],[-0.055362,49.248091],[-0.055378,49.247857],[-0.055591,49.247266],[-0.05603,49.247073],[-0.056415,49.246963],[-0.056616,49.246773],[-0.056881,49.246704],[-0.056992,49.246639],[-0.057062,49.246306],[-0.057032,49.246033],[-0.056921,49.245917],[-0.057077,49.245846],[-0.057038,49.245548],[-0.056969,49.245356],[-0.056925,49.245076],[-0.056748,49.244799],[-0.056256,49.24431],[-0.05586,49.244156],[-0.055989,49.243982],[-0.056178,49.243447],[-0.056288,49.24261],[-0.056201,49.242311],[-0.05572,49.242287],[-0.055561,49.242236],[-0.055239,49.242042],[-0.055001,49.241971],[-0.054756,49.241987],[-0.054625,49.241723],[-0.054332,49.241223],[-0.054077,49.240724],[-0.053773,49.240249],[-0.053985,49.240108],[-0.054282,49.240051],[-0.054648,49.240031],[-0.055043,49.240052],[-0.055262,49.240086],[-0.055498,49.240077],[-0.055766,49.239951],[-0.056306,49.239916],[-0.05657,49.239784],[-0.056845,49.239893],[-0.05696,49.239893],[-0.056903,49.23928],[-0.05691,49.238972],[-0.05705,49.237293],[-0.057053,49.237158],[-0.05714,49.23708],[-0.057279,49.23708],[-0.057551,49.23717],[-0.057463,49.236483],[-0.056661,49.236747],[-0.05612,49.237041],[-0.056037,49.23701],[-0.055792,49.237174],[-0.055548,49.236965],[-0.055376,49.237003],[-0.054039,49.235542],[-0.054531,49.235357],[-0.054856,49.235202],[-0.054957,49.234733],[-0.056449,49.234682],[-0.055426,49.233321],[-0.055039,49.232654],[-0.055173,49.232516],[-0.055658,49.232573],[-0.056743,49.232597],[-0.057942,49.232319],[-0.058424,49.232239],[-0.058287,49.23185],[-0.05807,49.23116],[-0.057865,49.230427],[-0.058058,49.230276],[-0.057868,49.229734],[-0.057833,49.229547],[-0.057695,49.229209],[-0.057543,49.228965],[-0.057217,49.22904],[-0.056799,49.229223],[-0.056649,49.229048],[-0.05617,49.228599],[-0.056094,49.22842],[-0.05566,49.227982],[-0.055558,49.227819],[-0.055358,49.227881],[-0.054529,49.227306],[-0.053996,49.227103],[-0.054244,49.226974],[-0.054695,49.226567],[-0.055414,49.225995],[-0.055741,49.225751],[-0.056169,49.225499],[-0.056275,49.225467],[-0.056045,49.225071],[-0.055958,49.224485],[-0.055916,49.224373],[-0.055951,49.224033],[-0.055795,49.222789],[-0.054496,49.222826],[-0.051774,49.221027],[-0.05158,49.221184],[-0.05138,49.221023],[-0.051128,49.220865],[-0.050812,49.2206],[-0.050556,49.220458],[-0.050111,49.22032],[-0.049662,49.220291],[-0.049519,49.220339],[-0.049313,49.220179],[-0.049075,49.220048],[-0.048641,49.219759],[-0.048531,49.219632],[-0.048098,49.219772],[-0.047586,49.219886],[-0.047319,49.219857],[-0.048308,49.214298],[-0.048848,49.213738],[-0.048922,49.213575],[-0.048864,49.212543],[-0.048721,49.211706],[-0.048654,49.211026],[-0.048714,49.210644],[-0.048729,49.209664],[-0.048719,49.209406],[-0.046671,49.209309],[-0.046402,49.209421],[-0.046097,49.209415],[-0.045526,49.209353],[-0.045238,49.209408],[-0.044999,49.209334],[-0.044038,49.209272],[-0.04316,49.20929],[-0.042016,49.209329],[-0.0412,49.209438],[-0.040237,49.209484],[-0.03975,49.209539],[-0.039282,49.209727],[-0.039015,49.209785],[-0.038025,49.210039],[-0.036914,49.210255],[-0.036586,49.210307],[-0.035928,49.210367]]]}},{"type":"Feature","properties":{"insee":"14246","nom":"Escoville"},"geometry":{"type":"Polygon","coordinates":[[[-0.268901,49.202172],[-0.269071,49.2019],[-0.268126,49.201694],[-0.265946,49.20113],[-0.26529,49.200994],[-0.264827,49.200944],[-0.263946,49.200882],[-0.262689,49.200764],[-0.262834,49.199931],[-0.262981,49.199211],[-0.261608,49.198868],[-0.262195,49.197484],[-0.26162,49.197365],[-0.262097,49.1963],[-0.261715,49.196168],[-0.261111,49.195934],[-0.259604,49.195219],[-0.258755,49.194869],[-0.25635,49.194221],[-0.253046,49.193479],[-0.251862,49.193239],[-0.251184,49.193113],[-0.251247,49.192945],[-0.250279,49.192819],[-0.249042,49.192671],[-0.247907,49.192525],[-0.247901,49.19243],[-0.246972,49.192212],[-0.246384,49.192095],[-0.245383,49.191878],[-0.245049,49.192413],[-0.244756,49.192911],[-0.244494,49.193394],[-0.243786,49.193357],[-0.243307,49.194916],[-0.241725,49.194902],[-0.241227,49.196312],[-0.239432,49.196139],[-0.23947,49.196745],[-0.23956,49.197073],[-0.239664,49.197332],[-0.239537,49.197347],[-0.239667,49.19816],[-0.239676,49.198434],[-0.239655,49.199499],[-0.239632,49.1999],[-0.237195,49.200363],[-0.237499,49.201207],[-0.234713,49.201657],[-0.23498,49.202744],[-0.235162,49.203426],[-0.235543,49.204968],[-0.234451,49.205096],[-0.233383,49.205031],[-0.233475,49.205617],[-0.233476,49.205733],[-0.231776,49.20578],[-0.230197,49.207293],[-0.229655,49.208427],[-0.229482,49.208834],[-0.229364,49.209165],[-0.229237,49.209426],[-0.229225,49.209626],[-0.229293,49.209833],[-0.228683,49.209791],[-0.22804,49.211303],[-0.227732,49.212155],[-0.226668,49.214758],[-0.226477,49.215998],[-0.226407,49.216674],[-0.226355,49.217356],[-0.226317,49.217911],[-0.226123,49.218435],[-0.225782,49.219233],[-0.228373,49.219445],[-0.227926,49.21984],[-0.229337,49.219955],[-0.23139,49.220073],[-0.232743,49.220181],[-0.23367,49.220247],[-0.234684,49.220362],[-0.235266,49.2204],[-0.236711,49.220466],[-0.237727,49.22048],[-0.2389,49.220464],[-0.238317,49.218384],[-0.238138,49.217528],[-0.238368,49.217484],[-0.237802,49.216586],[-0.239486,49.21626],[-0.240569,49.216037],[-0.241181,49.215897],[-0.242235,49.215444],[-0.242331,49.215456],[-0.243378,49.216489],[-0.243792,49.216917],[-0.244185,49.215973],[-0.244412,49.21561],[-0.245029,49.215821],[-0.245093,49.215911],[-0.245379,49.215731],[-0.246035,49.215171],[-0.246988,49.214023],[-0.247401,49.214168],[-0.249139,49.212721],[-0.250926,49.213511],[-0.251684,49.21309],[-0.253898,49.211942],[-0.254506,49.21162],[-0.254853,49.211395],[-0.25566,49.210665],[-0.25626,49.21084],[-0.25712,49.209338],[-0.259031,49.209762],[-0.259258,49.209483],[-0.259991,49.208389],[-0.260502,49.208534],[-0.261849,49.208845],[-0.262991,49.206989],[-0.264027,49.207256],[-0.264985,49.205965],[-0.267572,49.204112],[-0.268127,49.203627],[-0.268339,49.20335],[-0.268536,49.203002],[-0.268666,49.202656],[-0.268901,49.202172]]]}},{"type":"Feature","properties":{"insee":"14306","nom":"Gonneville-en-Auge"},"geometry":{"type":"Polygon","coordinates":[[[-0.199681,49.246387],[-0.198722,49.24625],[-0.197258,49.246068],[-0.19703,49.246077],[-0.196803,49.246418],[-0.195653,49.246229],[-0.195512,49.246686],[-0.19544,49.247001],[-0.194171,49.246904],[-0.194111,49.247185],[-0.193854,49.247853],[-0.193819,49.248078],[-0.1938,49.248581],[-0.191061,49.247895],[-0.19087,49.248228],[-0.191176,49.248354],[-0.191008,49.248699],[-0.190783,49.248988],[-0.190711,49.249163],[-0.190625,49.249226],[-0.190651,49.249443],[-0.190343,49.249808],[-0.190078,49.250091],[-0.189922,49.250437],[-0.189624,49.250661],[-0.189345,49.250908],[-0.187186,49.250171],[-0.186059,49.250343],[-0.185949,49.250334],[-0.184059,49.250551],[-0.18369,49.250644],[-0.183853,49.250308],[-0.184376,49.24936],[-0.184457,49.249239],[-0.184023,49.249129],[-0.183416,49.249002],[-0.182507,49.248781],[-0.182136,49.248541],[-0.181901,49.248685],[-0.181774,49.248911],[-0.181382,49.249117],[-0.181202,49.249277],[-0.18115,49.249387],[-0.181197,49.249561],[-0.181169,49.249678],[-0.180875,49.249973],[-0.180864,49.250195],[-0.180789,49.250413],[-0.180513,49.250521],[-0.180259,49.250666],[-0.179806,49.251097],[-0.179557,49.251507],[-0.179048,49.252282],[-0.178289,49.253488],[-0.178316,49.253542],[-0.177896,49.253939],[-0.177353,49.254388],[-0.176912,49.254803],[-0.176466,49.254641],[-0.176231,49.254579],[-0.175713,49.25529],[-0.175601,49.255479],[-0.17567,49.255509],[-0.175193,49.256063],[-0.174659,49.256577],[-0.174256,49.256931],[-0.175805,49.257464],[-0.175362,49.258037],[-0.174493,49.258978],[-0.174772,49.259133],[-0.174449,49.259381],[-0.174075,49.259729],[-0.173687,49.260248],[-0.173128,49.260703],[-0.172754,49.260946],[-0.172446,49.261095],[-0.171981,49.261362],[-0.171219,49.261888],[-0.170869,49.262058],[-0.170235,49.262566],[-0.1708,49.263184],[-0.17018,49.263748],[-0.17048,49.263977],[-0.170686,49.264205],[-0.17113,49.264565],[-0.171241,49.264733],[-0.171209,49.265023],[-0.17111,49.265325],[-0.17085,49.26577],[-0.170513,49.266159],[-0.169774,49.266725],[-0.169511,49.266941],[-0.169222,49.267132],[-0.169353,49.267259],[-0.169909,49.267459],[-0.170126,49.267555],[-0.170491,49.267569],[-0.170838,49.267727],[-0.171925,49.267652],[-0.173483,49.268307],[-0.17442,49.268213],[-0.17462,49.26829],[-0.174716,49.268483],[-0.174639,49.268683],[-0.174461,49.268759],[-0.174416,49.268844],[-0.174528,49.268988],[-0.174396,49.269384],[-0.174274,49.269464],[-0.173903,49.26962],[-0.173758,49.269612],[-0.17356,49.269469],[-0.173099,49.26936],[-0.172804,49.269384],[-0.172649,49.2695],[-0.172134,49.269654],[-0.172027,49.269802],[-0.172146,49.26997],[-0.172106,49.27018],[-0.171845,49.270252],[-0.171413,49.270213],[-0.171271,49.270304],[-0.17126,49.270444],[-0.171169,49.270553],[-0.170828,49.270641],[-0.170588,49.27064],[-0.169903,49.270463],[-0.169632,49.270478],[-0.169557,49.270601],[-0.16968,49.271091],[-0.169137,49.271451],[-0.169113,49.271506],[-0.169777,49.272041],[-0.170332,49.272166],[-0.170773,49.272299],[-0.17169,49.27261],[-0.17235,49.272875],[-0.17268,49.272675],[-0.173278,49.272534],[-0.174318,49.272245],[-0.174914,49.272086],[-0.175516,49.271985],[-0.175984,49.271935],[-0.17625,49.271856],[-0.17648,49.271903],[-0.177206,49.271865],[-0.177625,49.271902],[-0.178175,49.271985],[-0.178659,49.271874],[-0.179222,49.271798],[-0.179517,49.27179],[-0.179908,49.27169],[-0.18011,49.271595],[-0.180466,49.271344],[-0.180574,49.271208],[-0.18088,49.270613],[-0.180964,49.270546],[-0.181383,49.270422],[-0.181857,49.270221],[-0.182367,49.269953],[-0.182597,49.269893],[-0.182638,49.269827],[-0.183023,49.268468],[-0.183009,49.268306],[-0.182872,49.267955],[-0.182817,49.267597],[-0.182836,49.267353],[-0.183077,49.266343],[-0.183332,49.26576],[-0.183454,49.265591],[-0.183739,49.265329],[-0.184155,49.265099],[-0.184368,49.264827],[-0.184462,49.264749],[-0.185154,49.264632],[-0.185735,49.264482],[-0.187012,49.264254],[-0.187365,49.264225],[-0.187605,49.264387],[-0.188206,49.264653],[-0.188747,49.264958],[-0.189575,49.265272],[-0.190555,49.265518],[-0.191429,49.265698],[-0.192751,49.266029],[-0.193373,49.266264],[-0.194179,49.26649],[-0.194745,49.266553],[-0.195252,49.266548],[-0.195795,49.2665],[-0.196392,49.266503],[-0.197029,49.266622],[-0.197734,49.266709],[-0.198349,49.266696],[-0.199096,49.266738],[-0.200247,49.266854],[-0.201772,49.267059],[-0.20232,49.26495],[-0.202612,49.264962],[-0.202745,49.264085],[-0.202819,49.263683],[-0.203251,49.263707],[-0.204269,49.263815],[-0.20538,49.26391],[-0.205528,49.262853],[-0.205644,49.262612],[-0.205513,49.262552],[-0.204034,49.262123],[-0.204139,49.261915],[-0.203943,49.261856],[-0.204753,49.261036],[-0.205332,49.260474],[-0.206066,49.259674],[-0.207815,49.257495],[-0.208295,49.25691],[-0.205585,49.256199],[-0.205874,49.255887],[-0.206103,49.25569],[-0.206786,49.255168],[-0.206705,49.255089],[-0.204676,49.254861],[-0.204514,49.254836],[-0.205116,49.253982],[-0.204929,49.253913],[-0.204128,49.253512],[-0.203892,49.253417],[-0.203054,49.254298],[-0.20286,49.254231],[-0.203667,49.253413],[-0.20339,49.25341],[-0.202928,49.253446],[-0.202171,49.254282],[-0.200833,49.253748],[-0.200635,49.254003],[-0.199786,49.253314],[-0.199122,49.252761],[-0.198884,49.25287],[-0.195786,49.251064],[-0.197051,49.250304],[-0.196984,49.250103],[-0.196307,49.250001],[-0.195997,49.249988],[-0.197323,49.248828],[-0.197659,49.248949],[-0.198486,49.248192],[-0.199128,49.247224],[-0.199549,49.246564],[-0.199681,49.246387]]]}},{"type":"Feature","properties":{"insee":"14305","nom":"Gonneville-sur-Mer"},"geometry":{"type":"Polygon","coordinates":[[[-0.067392,49.277054],[-0.066979,49.276987],[-0.066359,49.276861],[-0.065716,49.276749],[-0.065084,49.276614],[-0.062926,49.276232],[-0.061974,49.276043],[-0.061192,49.27586],[-0.060285,49.275625],[-0.058876,49.275228],[-0.058487,49.275133],[-0.057271,49.274811],[-0.055801,49.274429],[-0.052499,49.273698],[-0.052071,49.273588],[-0.051328,49.273345],[-0.050718,49.27313],[-0.0499,49.272872],[-0.048952,49.272554],[-0.048469,49.27232],[-0.048065,49.272067],[-0.047532,49.271767],[-0.047092,49.271627],[-0.046685,49.271549],[-0.045935,49.271436],[-0.045069,49.271277],[-0.04459,49.27114],[-0.044202,49.270997],[-0.043773,49.27081],[-0.042828,49.270375],[-0.042266,49.270131],[-0.041611,49.269915],[-0.041173,49.269831],[-0.040613,49.269743],[-0.038917,49.269538],[-0.03831,49.269486],[-0.037903,49.269471],[-0.03739,49.269526],[-0.036941,49.269611],[-0.035615,49.269932],[-0.035395,49.269974],[-0.035109,49.27016],[-0.03432,49.270528],[-0.033686,49.27079],[-0.033134,49.271062],[-0.032902,49.271227],[-0.032654,49.271333],[-0.031268,49.272031],[-0.030799,49.272226],[-0.03065,49.272328],[-0.030327,49.272464],[-0.029657,49.272654],[-0.02919,49.272758],[-0.028623,49.272852],[-0.026865,49.273312],[-0.025808,49.273597],[-0.025296,49.273794],[-0.024432,49.274148],[-0.023652,49.274373],[-0.023385,49.274468],[-0.022774,49.274739],[-0.022411,49.274919],[-0.021662,49.275348],[-0.021562,49.275434],[-0.021311,49.275533],[-0.020599,49.275624],[-0.020309,49.275682],[-0.020043,49.275768],[-0.020237,49.276848],[-0.01978,49.277425],[-0.019592,49.277478],[-0.019415,49.277477],[-0.018634,49.277383],[-0.01841,49.277211],[-0.018103,49.277103],[-0.017243,49.276955],[-0.015085,49.276545],[-0.014963,49.276661],[-0.014525,49.27792],[-0.014147,49.278369],[-0.013458,49.278927],[-0.012516,49.279531],[-0.011831,49.280019],[-0.010727,49.280629],[-0.01059,49.280619],[-0.010336,49.280756],[-0.009838,49.281131],[-0.009532,49.281472],[-0.009329,49.281541],[-0.008029,49.28147],[-0.00721,49.281462],[-0.006393,49.281391],[-0.005885,49.281327],[-0.005036,49.281125],[-0.004611,49.281012],[-0.004272,49.280888],[-0.003803,49.28067],[-0.003584,49.280516],[-0.002899,49.280307],[-0.002693,49.280311],[-0.001339,49.280742],[-0.000374,49.281771],[-0.000978,49.282046],[-0.001709,49.282397],[-0.002188,49.282661],[-0.002618,49.282944],[-0.003071,49.283285],[-0.003201,49.283456],[-0.003276,49.283712],[-0.003586,49.284288],[-0.003837,49.2847],[-0.004157,49.285081],[-0.004893,49.285618],[-0.005359,49.285993],[-0.005952,49.286765],[-0.006153,49.287049],[-0.006282,49.287277],[-0.006488,49.287726],[-0.006796,49.288529],[-0.006914,49.288969],[-0.00702,49.289173],[-0.008002,49.290591],[-0.008332,49.29102],[-0.008755,49.291461],[-0.009251,49.291847],[-0.009834,49.292226],[-0.010357,49.292593],[-0.010804,49.292935],[-0.011031,49.293161],[-0.011867,49.294263],[-0.011689,49.294322],[-0.011114,49.294575],[-0.01077,49.294761],[-0.010451,49.294971],[-0.010234,49.295214],[-0.010107,49.295255],[-0.010361,49.29537],[-0.010141,49.295608],[-0.009869,49.295967],[-0.009812,49.296121],[-0.009744,49.296674],[-0.009394,49.297528],[-0.008901,49.298877],[-0.009121,49.298959],[-0.008906,49.300216],[-0.009698,49.300742],[-0.009904,49.300817],[-0.010944,49.300995],[-0.011519,49.301061],[-0.011635,49.301165],[-0.012683,49.301395],[-0.013571,49.301625],[-0.013337,49.302208],[-0.013303,49.30263],[-0.013255,49.302782],[-0.013091,49.302971],[-0.013179,49.303061],[-0.012707,49.303556],[-0.012493,49.303992],[-0.012446,49.304159],[-0.012483,49.304411],[-0.012042,49.304705],[-0.012061,49.304822],[-0.011924,49.304898],[-0.011657,49.305323],[-0.011637,49.305469],[-0.01171,49.305998],[-0.011435,49.306389],[-0.011525,49.306601],[-0.011434,49.306734],[-0.011427,49.306987],[-0.011214,49.30727],[-0.010973,49.307698],[-0.010731,49.308286],[-0.01053,49.308707],[-0.010413,49.309225],[-0.010368,49.309632],[-0.010388,49.309818],[-0.010289,49.31003],[-0.010688,49.309892],[-0.011174,49.309685],[-0.012296,49.309297],[-0.013001,49.309066],[-0.014011,49.308883],[-0.014701,49.308257],[-0.014979,49.307925],[-0.015175,49.307609],[-0.015639,49.307023],[-0.016333,49.307225],[-0.016427,49.307114],[-0.01662,49.307009],[-0.016751,49.306751],[-0.016897,49.306573],[-0.017229,49.306339],[-0.017225,49.306026],[-0.018858,49.305542],[-0.020487,49.305207],[-0.020386,49.30476],[-0.020146,49.303876],[-0.020021,49.303474],[-0.019769,49.303069],[-0.019146,49.302328],[-0.019262,49.302224],[-0.021507,49.301184],[-0.021661,49.301289],[-0.021857,49.301148],[-0.021943,49.301039],[-0.022459,49.300123],[-0.022677,49.299718],[-0.023129,49.299844],[-0.024225,49.300127],[-0.025018,49.300464],[-0.025255,49.300589],[-0.027441,49.302043],[-0.027876,49.302301],[-0.028028,49.302458],[-0.028183,49.302691],[-0.028501,49.30292],[-0.028992,49.303227],[-0.029139,49.303412],[-0.031651,49.30395],[-0.032092,49.304092],[-0.032781,49.304357],[-0.033549,49.304681],[-0.034247,49.304993],[-0.034385,49.304938],[-0.034528,49.305026],[-0.034845,49.305149],[-0.035602,49.305254],[-0.035416,49.305485],[-0.036249,49.30598],[-0.037465,49.306854],[-0.038225,49.30756],[-0.03852,49.307985],[-0.039027,49.308381],[-0.039414,49.308597],[-0.039818,49.30899],[-0.040499,49.310026],[-0.040051,49.310134],[-0.040101,49.310259],[-0.040404,49.311618],[-0.041256,49.312178],[-0.041192,49.312311],[-0.041066,49.312889],[-0.041232,49.313348],[-0.041611,49.314072],[-0.042034,49.313914],[-0.042536,49.313748],[-0.042961,49.313586],[-0.04323,49.313552],[-0.043774,49.313335],[-0.043931,49.313327],[-0.044355,49.313144],[-0.044606,49.313141],[-0.044886,49.312962],[-0.045551,49.312705],[-0.0464,49.312403],[-0.046791,49.312226],[-0.047353,49.312056],[-0.04779,49.311882],[-0.048216,49.311748],[-0.048398,49.311715],[-0.049058,49.311469],[-0.050657,49.310929],[-0.05085,49.310902],[-0.051222,49.310767],[-0.051386,49.310672],[-0.051768,49.310594],[-0.052306,49.310392],[-0.052619,49.310331],[-0.05274,49.310258],[-0.053027,49.310223],[-0.053192,49.310114],[-0.054218,49.30978],[-0.054653,49.309665],[-0.054907,49.309563],[-0.055448,49.309431],[-0.055827,49.309306],[-0.056488,49.309141],[-0.056639,49.309118],[-0.057128,49.308969],[-0.057734,49.308813],[-0.058063,49.308793],[-0.058381,49.308685],[-0.058807,49.308604],[-0.059273,49.308458],[-0.059663,49.308389],[-0.059912,49.308301],[-0.060618,49.308172],[-0.060864,49.308087],[-0.061151,49.308059],[-0.06142,49.307959],[-0.061715,49.307949],[-0.061826,49.307906],[-0.062048,49.307916],[-0.062257,49.307822],[-0.0627,49.307756],[-0.063861,49.307471],[-0.064007,49.30745],[-0.064623,49.307294],[-0.064957,49.307249],[-0.065132,49.307196],[-0.06557,49.307133],[-0.065831,49.307072],[-0.06635,49.305424],[-0.066179,49.305058],[-0.065991,49.305007],[-0.065972,49.304895],[-0.065393,49.304918],[-0.064918,49.304702],[-0.064671,49.304708],[-0.064253,49.304779],[-0.063939,49.304877],[-0.063616,49.304941],[-0.062742,49.304984],[-0.061924,49.304999],[-0.059852,49.304804],[-0.059038,49.304766],[-0.058346,49.304771],[-0.057904,49.304756],[-0.057218,49.304911],[-0.056711,49.305067],[-0.055629,49.305428],[-0.055167,49.305561],[-0.054563,49.305687],[-0.053874,49.305809],[-0.053455,49.305858],[-0.052303,49.305961],[-0.050694,49.306115],[-0.049655,49.306166],[-0.048925,49.30622],[-0.048377,49.306282],[-0.048351,49.306111],[-0.048218,49.305583],[-0.048126,49.305384],[-0.047766,49.304779],[-0.047679,49.304679],[-0.047434,49.304543],[-0.04668,49.304211],[-0.045913,49.303779],[-0.045727,49.303573],[-0.045675,49.303433],[-0.045739,49.303008],[-0.045722,49.302545],[-0.045827,49.302209],[-0.046303,49.301364],[-0.046332,49.300884],[-0.046231,49.300552],[-0.046149,49.300393],[-0.045996,49.300217],[-0.046302,49.30007],[-0.046154,49.299456],[-0.046081,49.299027],[-0.046194,49.298662],[-0.046219,49.298104],[-0.046155,49.297679],[-0.045917,49.297346],[-0.045893,49.29718],[-0.045929,49.29655],[-0.046087,49.296027],[-0.046016,49.29569],[-0.045901,49.295717],[-0.045591,49.295158],[-0.044981,49.295188],[-0.044752,49.295164],[-0.044404,49.295184],[-0.046151,49.29451],[-0.04598,49.293964],[-0.045785,49.293517],[-0.046162,49.293527],[-0.046964,49.29374],[-0.047383,49.293759],[-0.048394,49.293635],[-0.048923,49.293162],[-0.049454,49.293439],[-0.050029,49.293658],[-0.050647,49.293834],[-0.051345,49.293983],[-0.051648,49.29338],[-0.051828,49.293125],[-0.052051,49.292861],[-0.052138,49.292716],[-0.052241,49.292375],[-0.05222,49.292215],[-0.052729,49.291915],[-0.053149,49.29169],[-0.053642,49.291493],[-0.053909,49.291452],[-0.05437,49.29165],[-0.054718,49.291772],[-0.055537,49.292022],[-0.055987,49.292146],[-0.056365,49.292174],[-0.056783,49.29214],[-0.057165,49.292081],[-0.057403,49.292017],[-0.057483,49.2918],[-0.0578,49.291753],[-0.058236,49.291613],[-0.058617,49.291404],[-0.058951,49.291166],[-0.059288,49.290839],[-0.059697,49.290552],[-0.059847,49.290548],[-0.060162,49.290636],[-0.060903,49.289893],[-0.061093,49.289892],[-0.061077,49.290002],[-0.061675,49.290449],[-0.061836,49.290686],[-0.061844,49.290825],[-0.061758,49.291088],[-0.062226,49.291331],[-0.062477,49.291386],[-0.063019,49.291454],[-0.063296,49.29147],[-0.063905,49.291456],[-0.06421,49.291414],[-0.064981,49.291142],[-0.065288,49.291491],[-0.065486,49.291753],[-0.065437,49.291946],[-0.065611,49.292055],[-0.066225,49.291829],[-0.06711,49.291331],[-0.066918,49.291168],[-0.06749,49.290873],[-0.067707,49.29072],[-0.067883,49.290525],[-0.068252,49.289967],[-0.069214,49.289501],[-0.069209,49.289451],[-0.069491,49.288743],[-0.069744,49.288051],[-0.070076,49.287317],[-0.069259,49.287098],[-0.068732,49.287004],[-0.068087,49.286909],[-0.067945,49.286837],[-0.067917,49.286701],[-0.067423,49.286577],[-0.066836,49.286504],[-0.066564,49.286485],[-0.066287,49.286528],[-0.066071,49.286475],[-0.06538,49.28607],[-0.065067,49.285718],[-0.065008,49.285558],[-0.06544,49.284929],[-0.06572,49.284431],[-0.065281,49.284335],[-0.064881,49.284173],[-0.06414,49.283843],[-0.06383,49.283685],[-0.064246,49.2828],[-0.064514,49.28215],[-0.064852,49.281574],[-0.065355,49.280958],[-0.065441,49.280756],[-0.065727,49.279685],[-0.065952,49.279234],[-0.066943,49.27777],[-0.067309,49.277276],[-0.067392,49.277054]]]}},{"type":"Feature","properties":{"insee":"14308","nom":"Goustranville"},"geometry":{"type":"Polygon","coordinates":[[[-0.079173,49.222149],[-0.07913,49.222392],[-0.079402,49.222753],[-0.079463,49.222889],[-0.079697,49.223106],[-0.079929,49.223211],[-0.080354,49.223343],[-0.081255,49.223583],[-0.0816,49.223663],[-0.081775,49.223741],[-0.081989,49.223983],[-0.082586,49.224557],[-0.082802,49.224843],[-0.08246,49.22496],[-0.082169,49.225098],[-0.081919,49.225258],[-0.081274,49.225748],[-0.082212,49.226137],[-0.083112,49.226353],[-0.083018,49.226433],[-0.083174,49.226565],[-0.08366,49.22686],[-0.083852,49.226956],[-0.08442,49.227336],[-0.084776,49.227605],[-0.084952,49.227698],[-0.085285,49.227528],[-0.087692,49.228992],[-0.089403,49.228225],[-0.089503,49.228317],[-0.09123,49.229485],[-0.091616,49.229784],[-0.091753,49.229691],[-0.0921,49.229558],[-0.092402,49.229509],[-0.092858,49.229498],[-0.094293,49.22953],[-0.094012,49.230382],[-0.093972,49.23046],[-0.09456,49.230492],[-0.096082,49.230632],[-0.097804,49.230914],[-0.09864,49.23103],[-0.100818,49.231307],[-0.10106,49.231385],[-0.101,49.231564],[-0.100547,49.233584],[-0.100532,49.233724],[-0.100725,49.233802],[-0.102567,49.234239],[-0.103059,49.234362],[-0.103253,49.234433],[-0.103733,49.234666],[-0.10445,49.234848],[-0.104839,49.234901],[-0.10547,49.234915],[-0.106011,49.234956],[-0.10614,49.234987],[-0.10763,49.235116],[-0.108003,49.235169],[-0.108244,49.235268],[-0.109507,49.235433],[-0.108575,49.237861],[-0.109125,49.238051],[-0.109389,49.238175],[-0.110337,49.238844],[-0.111144,49.23959],[-0.112095,49.240505],[-0.112236,49.240705],[-0.112596,49.241094],[-0.112866,49.241328],[-0.112976,49.241511],[-0.113218,49.242002],[-0.113443,49.242539],[-0.113436,49.242817],[-0.11381,49.243223],[-0.114207,49.243136],[-0.11422,49.242853],[-0.114375,49.242648],[-0.114604,49.242263],[-0.114789,49.242059],[-0.11501,49.241939],[-0.115773,49.241627],[-0.116565,49.241248],[-0.117051,49.241093],[-0.117792,49.24088],[-0.118114,49.240752],[-0.118838,49.240567],[-0.119542,49.240261],[-0.119696,49.240207],[-0.120081,49.240002],[-0.120436,49.239788],[-0.120688,49.239588],[-0.120692,49.239475],[-0.121159,49.239313],[-0.121296,49.239288],[-0.121443,49.239401],[-0.121367,49.239659],[-0.121416,49.239756],[-0.121761,49.239911],[-0.122221,49.240209],[-0.122521,49.240368],[-0.12329,49.240036],[-0.123406,49.24001],[-0.124487,49.239845],[-0.124633,49.239737],[-0.124973,49.239676],[-0.125207,49.239683],[-0.125558,49.23964],[-0.12589,49.23957],[-0.126083,49.239594],[-0.126519,49.239864],[-0.12728,49.240307],[-0.127349,49.240334],[-0.127714,49.240329],[-0.127897,49.240406],[-0.128067,49.240665],[-0.128289,49.240868],[-0.128548,49.24094],[-0.128916,49.24096],[-0.129216,49.240847],[-0.129778,49.240556],[-0.130579,49.240238],[-0.130447,49.239894],[-0.130439,49.23975],[-0.13063,49.239338],[-0.130661,49.239112],[-0.130611,49.238815],[-0.130534,49.238618],[-0.130061,49.237719],[-0.129954,49.237424],[-0.129886,49.237079],[-0.129893,49.236902],[-0.12997,49.236735],[-0.130131,49.23661],[-0.130414,49.236521],[-0.130995,49.236531],[-0.131263,49.236514],[-0.13162,49.236447],[-0.132443,49.236224],[-0.132757,49.236091],[-0.133074,49.235908],[-0.133279,49.235744],[-0.133523,49.235611],[-0.133854,49.235489],[-0.134386,49.235328],[-0.134498,49.235254],[-0.134517,49.235116],[-0.134458,49.234963],[-0.134308,49.234801],[-0.133948,49.234527],[-0.133738,49.234317],[-0.133555,49.234046],[-0.133313,49.233758],[-0.133148,49.233471],[-0.132984,49.23306],[-0.132833,49.232744],[-0.132826,49.232612],[-0.132885,49.232419],[-0.133012,49.23218],[-0.133335,49.231802],[-0.133674,49.231368],[-0.133983,49.231047],[-0.13446,49.230626],[-0.134663,49.230392],[-0.135093,49.229848],[-0.135426,49.229538],[-0.135865,49.229248],[-0.136084,49.229149],[-0.13633,49.229114],[-0.136587,49.229115],[-0.136891,49.229165],[-0.137481,49.229315],[-0.13783,49.229448],[-0.137983,49.229568],[-0.138103,49.22975],[-0.1382,49.229979],[-0.138259,49.230282],[-0.138346,49.230475],[-0.138574,49.230746],[-0.139118,49.230987],[-0.139704,49.231216],[-0.140085,49.231287],[-0.140892,49.231313],[-0.141417,49.231342],[-0.142277,49.231409],[-0.142508,49.231386],[-0.142703,49.231325],[-0.142886,49.231215],[-0.143297,49.230852],[-0.143639,49.230497],[-0.144408,49.229587],[-0.144507,49.229338],[-0.14454,49.228947],[-0.144551,49.228522],[-0.14452,49.228242],[-0.144419,49.227963],[-0.144272,49.227731],[-0.143936,49.227373],[-0.143819,49.227083],[-0.143796,49.226825],[-0.143613,49.22657],[-0.143396,49.226514],[-0.142931,49.226484],[-0.141775,49.226346],[-0.141234,49.226291],[-0.141106,49.226451],[-0.140963,49.226399],[-0.1408,49.226436],[-0.14008,49.226002],[-0.139982,49.225922],[-0.139929,49.225687],[-0.13978,49.225288],[-0.139786,49.225191],[-0.140102,49.225011],[-0.140096,49.224931],[-0.138686,49.224519],[-0.138626,49.224471],[-0.138743,49.224203],[-0.138746,49.223858],[-0.138865,49.2237],[-0.139276,49.223238],[-0.139241,49.223153],[-0.138773,49.222999],[-0.13734,49.222949],[-0.136,49.222871],[-0.135939,49.222709],[-0.135645,49.222463],[-0.135153,49.222275],[-0.134948,49.222178],[-0.134118,49.221632],[-0.132829,49.220807],[-0.132546,49.221123],[-0.13226,49.22155],[-0.132182,49.221758],[-0.132085,49.222146],[-0.131989,49.222644],[-0.131972,49.223054],[-0.131541,49.222809],[-0.131102,49.222657],[-0.130906,49.222617],[-0.130321,49.222613],[-0.129371,49.222714],[-0.128804,49.222765],[-0.128498,49.222712],[-0.12821,49.222396],[-0.128029,49.222304],[-0.127242,49.22222],[-0.126904,49.222128],[-0.12631,49.221936],[-0.126057,49.221926],[-0.124698,49.221604],[-0.124784,49.221394],[-0.124943,49.221385],[-0.12503,49.220847],[-0.12512,49.220499],[-0.125315,49.219974],[-0.124973,49.21984],[-0.124507,49.219696],[-0.123295,49.21958],[-0.122332,49.219464],[-0.122631,49.218353],[-0.122679,49.217877],[-0.122771,49.217599],[-0.122919,49.217335],[-0.121433,49.21731],[-0.12121,49.217275],[-0.121147,49.217169],[-0.120879,49.217067],[-0.119854,49.216854],[-0.119551,49.216806],[-0.119472,49.216567],[-0.118773,49.216508],[-0.118809,49.216424],[-0.11913,49.215353],[-0.119089,49.215125],[-0.118634,49.214985],[-0.118143,49.214879],[-0.11807,49.214803],[-0.117988,49.21456],[-0.117723,49.214294],[-0.117085,49.213889],[-0.116617,49.21351],[-0.115772,49.213013],[-0.115458,49.212924],[-0.115185,49.21274],[-0.11411,49.2125],[-0.113914,49.21244],[-0.113591,49.212206],[-0.111869,49.212734],[-0.1117,49.21261],[-0.110647,49.213099],[-0.110528,49.213273],[-0.110333,49.213359],[-0.11,49.213578],[-0.109497,49.213338],[-0.108918,49.212982],[-0.107954,49.212465],[-0.107819,49.212368],[-0.107283,49.21209],[-0.106996,49.211906],[-0.106659,49.211645],[-0.106356,49.211379],[-0.105832,49.210888],[-0.105481,49.210463],[-0.10497,49.209936],[-0.104652,49.209681],[-0.104522,49.209606],[-0.104359,49.20965],[-0.104121,49.209563],[-0.10362,49.209128],[-0.103112,49.208618],[-0.102991,49.208435],[-0.103391,49.207923],[-0.103688,49.207475],[-0.104046,49.207052],[-0.104172,49.206951],[-0.104922,49.206575],[-0.105847,49.206196],[-0.105682,49.206014],[-0.105623,49.205846],[-0.105628,49.205619],[-0.105406,49.205367],[-0.105423,49.205087],[-0.105076,49.204689],[-0.104886,49.204305],[-0.104877,49.204158],[-0.104937,49.203225],[-0.104768,49.202998],[-0.104457,49.202852],[-0.104,49.20274],[-0.10315,49.202786],[-0.102835,49.202711],[-0.102541,49.202742],[-0.101791,49.20279],[-0.101673,49.202816],[-0.100895,49.202843],[-0.099964,49.202829],[-0.099716,49.202836],[-0.098312,49.202837],[-0.097797,49.202816],[-0.097282,49.202814],[-0.096412,49.20277],[-0.095946,49.202773],[-0.094872,49.202747],[-0.093284,49.202685],[-0.092667,49.202681],[-0.091537,49.202645],[-0.089442,49.202681],[-0.089041,49.202662],[-0.088507,49.202674],[-0.086031,49.202602],[-0.08429,49.202575],[-0.084285,49.202702],[-0.084091,49.205002],[-0.084017,49.206154],[-0.083978,49.206252],[-0.082191,49.206565],[-0.082585,49.208364],[-0.082616,49.208449],[-0.082313,49.208557],[-0.08211,49.208905],[-0.082202,49.209091],[-0.082687,49.209182],[-0.082842,49.209272],[-0.082909,49.209779],[-0.083252,49.210161],[-0.083424,49.210562],[-0.083488,49.21062],[-0.084734,49.210573],[-0.084989,49.210597],[-0.084839,49.21173],[-0.084801,49.2128],[-0.08477,49.214036],[-0.084743,49.214797],[-0.084757,49.215005],[-0.084689,49.215253],[-0.084819,49.215218],[-0.085005,49.215666],[-0.085213,49.216787],[-0.085437,49.218053],[-0.085491,49.21831],[-0.085951,49.21845],[-0.086424,49.218535],[-0.086907,49.218597],[-0.087613,49.218635],[-0.088315,49.218758],[-0.088474,49.218771],[-0.088841,49.218874],[-0.089026,49.218949],[-0.089698,49.219666],[-0.089793,49.219786],[-0.084112,49.221026],[-0.0809,49.221755],[-0.08041,49.221881],[-0.079173,49.222149]]]}},{"type":"Feature","properties":{"insee":"14316","nom":"Grangues"},"geometry":{"type":"Polygon","coordinates":[[[-0.0611,49.249842],[-0.06057,49.249938],[-0.060128,49.249945],[-0.059652,49.249898],[-0.058417,49.24983],[-0.057689,49.249872],[-0.057349,49.249857],[-0.055844,49.249732],[-0.054768,49.249602],[-0.054402,49.249568],[-0.053626,49.249413],[-0.053563,49.249256],[-0.052695,49.249331],[-0.052291,49.249288],[-0.051863,49.249151],[-0.051617,49.249096],[-0.0516,49.248896],[-0.051532,49.248703],[-0.05141,49.24851],[-0.051455,49.248414],[-0.051353,49.248256],[-0.049783,49.248909],[-0.049725,49.248819],[-0.048911,49.248316],[-0.048666,49.248217],[-0.048036,49.248133],[-0.047986,49.248263],[-0.047676,49.248388],[-0.047517,49.248388],[-0.047334,49.248314],[-0.04718,49.248303],[-0.046865,49.248388],[-0.046109,49.248466],[-0.045852,49.248549],[-0.045036,49.248948],[-0.04444,49.249481],[-0.044071,49.249585],[-0.04396,49.249797],[-0.043489,49.250099],[-0.043427,49.250248],[-0.043113,49.250397],[-0.042824,49.250455],[-0.04262,49.250655],[-0.042552,49.250792],[-0.042159,49.251039],[-0.042251,49.251113],[-0.041908,49.251374],[-0.03928,49.251539],[-0.039198,49.251443],[-0.038896,49.251371],[-0.038085,49.25112],[-0.03736,49.250929],[-0.037451,49.251145],[-0.037617,49.251247],[-0.037663,49.251453],[-0.037796,49.251512],[-0.037778,49.251681],[-0.037897,49.251967],[-0.03817,49.252175],[-0.038195,49.252311],[-0.038086,49.252493],[-0.03797,49.252939],[-0.03819,49.253523],[-0.038158,49.253684],[-0.03818,49.253934],[-0.038238,49.254133],[-0.038372,49.254211],[-0.038628,49.254429],[-0.038709,49.254535],[-0.038804,49.254851],[-0.038825,49.255056],[-0.038802,49.255495],[-0.038836,49.255687],[-0.0388,49.256107],[-0.038857,49.256425],[-0.039153,49.256752],[-0.039241,49.257089],[-0.039185,49.257165],[-0.039331,49.257305],[-0.039399,49.257453],[-0.03938,49.257573],[-0.039389,49.258156],[-0.039351,49.258283],[-0.039216,49.258413],[-0.03924,49.25869],[-0.039392,49.258856],[-0.039533,49.259091],[-0.039567,49.259314],[-0.039785,49.259367],[-0.040146,49.259753],[-0.040269,49.26005],[-0.040109,49.260346],[-0.039799,49.260631],[-0.03957,49.260973],[-0.039521,49.261105],[-0.039526,49.261304],[-0.039576,49.261424],[-0.039879,49.261758],[-0.039995,49.261951],[-0.040235,49.262119],[-0.040747,49.262526],[-0.040891,49.262698],[-0.041124,49.262856],[-0.041358,49.263119],[-0.041551,49.263409],[-0.041617,49.263623],[-0.041587,49.263784],[-0.041414,49.264027],[-0.041033,49.264337],[-0.040975,49.264544],[-0.040688,49.264899],[-0.04069,49.265055],[-0.040797,49.265261],[-0.040235,49.26562],[-0.039854,49.265965],[-0.039703,49.266149],[-0.039125,49.266979],[-0.038867,49.267232],[-0.039027,49.267421],[-0.039011,49.268248],[-0.03902,49.268642],[-0.038964,49.269271],[-0.038917,49.269538],[-0.040613,49.269743],[-0.041173,49.269831],[-0.041611,49.269915],[-0.042266,49.270131],[-0.042828,49.270375],[-0.043773,49.27081],[-0.044202,49.270997],[-0.04459,49.27114],[-0.045069,49.271277],[-0.045935,49.271436],[-0.046685,49.271549],[-0.047092,49.271627],[-0.047532,49.271767],[-0.048065,49.272067],[-0.048469,49.27232],[-0.048952,49.272554],[-0.0499,49.272872],[-0.050718,49.27313],[-0.051328,49.273345],[-0.052071,49.273588],[-0.052499,49.273698],[-0.055801,49.274429],[-0.057271,49.274811],[-0.058487,49.275133],[-0.058876,49.275228],[-0.060285,49.275625],[-0.061192,49.27586],[-0.061974,49.276043],[-0.062926,49.276232],[-0.065084,49.276614],[-0.065716,49.276749],[-0.066359,49.276861],[-0.066979,49.276987],[-0.067392,49.277054],[-0.068234,49.277172],[-0.068539,49.27723],[-0.068639,49.27652],[-0.068835,49.275685],[-0.068852,49.274969],[-0.068771,49.274359],[-0.068745,49.274041],[-0.069289,49.273746],[-0.069479,49.273622],[-0.069882,49.273234],[-0.070064,49.272958],[-0.070489,49.272483],[-0.071026,49.27203],[-0.072785,49.271113],[-0.073716,49.270905],[-0.074808,49.270398],[-0.075039,49.270339],[-0.075699,49.270081],[-0.07595,49.269915],[-0.076143,49.269714],[-0.076401,49.269574],[-0.076269,49.269173],[-0.078707,49.268151],[-0.078817,49.267874],[-0.078806,49.26777],[-0.079725,49.267811],[-0.079696,49.268207],[-0.080388,49.268191],[-0.080682,49.268162],[-0.081655,49.267892],[-0.082026,49.2678],[-0.082853,49.267522],[-0.083694,49.267309],[-0.084242,49.267119],[-0.084504,49.26705],[-0.084033,49.266905],[-0.08307,49.266496],[-0.082197,49.266012],[-0.082279,49.265909],[-0.082142,49.265277],[-0.082106,49.2652],[-0.08191,49.264222],[-0.081702,49.263684],[-0.081477,49.26331],[-0.081853,49.263318],[-0.082102,49.263392],[-0.082343,49.263514],[-0.082648,49.263712],[-0.082761,49.263829],[-0.082875,49.26407],[-0.083299,49.264238],[-0.083481,49.264351],[-0.083714,49.264355],[-0.084244,49.264453],[-0.084468,49.264469],[-0.084487,49.263499],[-0.084203,49.263348],[-0.083942,49.263286],[-0.083689,49.26313],[-0.083105,49.26289],[-0.082822,49.262802],[-0.082566,49.262756],[-0.082401,49.262669],[-0.082029,49.262586],[-0.08162,49.262362],[-0.081349,49.262363],[-0.081423,49.262239],[-0.081015,49.262189],[-0.080502,49.262097],[-0.079867,49.261896],[-0.07921,49.261986],[-0.078635,49.262029],[-0.07833,49.262079],[-0.077578,49.262261],[-0.077472,49.262043],[-0.077415,49.261705],[-0.077212,49.260815],[-0.077138,49.260648],[-0.076969,49.26055],[-0.076649,49.2605],[-0.075597,49.260587],[-0.075196,49.260581],[-0.074861,49.260529],[-0.074339,49.260264],[-0.07401,49.260488],[-0.073562,49.26076],[-0.073166,49.261045],[-0.073006,49.261191],[-0.072777,49.261459],[-0.072302,49.261308],[-0.072156,49.261239],[-0.0712,49.260251],[-0.070979,49.259934],[-0.070532,49.259503],[-0.070083,49.259633],[-0.069859,49.259638],[-0.068767,49.259581],[-0.06841,49.259582],[-0.068249,49.259378],[-0.068155,49.259136],[-0.06809,49.258799],[-0.068682,49.258801],[-0.068923,49.258925],[-0.069294,49.259016],[-0.069633,49.259009],[-0.069979,49.258947],[-0.07021,49.258817],[-0.070036,49.25869],[-0.069603,49.258216],[-0.06856,49.257038],[-0.067708,49.255943],[-0.067269,49.255192],[-0.066668,49.254341],[-0.066907,49.254292],[-0.066864,49.254008],[-0.067084,49.253571],[-0.067265,49.253307],[-0.067569,49.253041],[-0.068231,49.252642],[-0.069263,49.252224],[-0.070028,49.25205],[-0.071674,49.251559],[-0.071742,49.251549],[-0.071754,49.251092],[-0.071694,49.250952],[-0.070828,49.2512],[-0.069411,49.251518],[-0.068674,49.250378],[-0.067769,49.250614],[-0.067518,49.250767],[-0.067271,49.251037],[-0.067248,49.25112],[-0.065068,49.250447],[-0.065229,49.249689],[-0.064481,49.249518],[-0.064328,49.249513],[-0.063984,49.249567],[-0.063335,49.249528],[-0.062901,49.249737],[-0.062787,49.249856],[-0.062739,49.24999],[-0.06275,49.25016],[-0.062499,49.250162],[-0.062107,49.250024],[-0.0611,49.249842]]]}},{"type":"Feature","properties":{"insee":"14328","nom":"Hérouvillette"},"geometry":{"type":"Polygon","coordinates":[[[-0.2389,49.220464],[-0.239529,49.22044],[-0.239096,49.221419],[-0.239031,49.221645],[-0.239035,49.222133],[-0.238774,49.223363],[-0.238155,49.223304],[-0.237741,49.22435],[-0.238783,49.224508],[-0.238606,49.226546],[-0.238415,49.227365],[-0.239272,49.227541],[-0.239642,49.227636],[-0.241253,49.228108],[-0.24165,49.228213],[-0.242088,49.2283],[-0.244149,49.228621],[-0.244533,49.228249],[-0.245057,49.227705],[-0.245197,49.227534],[-0.245422,49.227135],[-0.245765,49.226619],[-0.245808,49.226496],[-0.246242,49.226508],[-0.247328,49.226637],[-0.247471,49.226746],[-0.247667,49.226654],[-0.247419,49.226516],[-0.247373,49.226258],[-0.247417,49.226127],[-0.24756,49.225978],[-0.247761,49.225572],[-0.248001,49.225373],[-0.248115,49.225164],[-0.24813,49.224855],[-0.248074,49.224687],[-0.247916,49.224523],[-0.247844,49.224266],[-0.248419,49.224389],[-0.249036,49.224502],[-0.249234,49.224593],[-0.250054,49.224813],[-0.250336,49.223986],[-0.250617,49.223485],[-0.251107,49.222933],[-0.251338,49.222634],[-0.251634,49.222342],[-0.252247,49.221772],[-0.25303,49.221164],[-0.253803,49.220597],[-0.254539,49.220089],[-0.255084,49.219777],[-0.255563,49.219486],[-0.256149,49.219148],[-0.256972,49.21857],[-0.257872,49.218043],[-0.258398,49.217836],[-0.258774,49.217654],[-0.259472,49.21729],[-0.26158,49.219086],[-0.26204,49.218841],[-0.2629,49.218296],[-0.263367,49.217924],[-0.264678,49.218467],[-0.265175,49.218628],[-0.26526,49.218502],[-0.266074,49.218681],[-0.266273,49.218038],[-0.267591,49.218231],[-0.268145,49.21688],[-0.26983,49.217177],[-0.270333,49.217272],[-0.271185,49.217579],[-0.271867,49.217189],[-0.272932,49.21759],[-0.27399,49.217876],[-0.275532,49.218171],[-0.276258,49.217232],[-0.276862,49.216345],[-0.277594,49.21512],[-0.278786,49.213017],[-0.279071,49.212561],[-0.279486,49.212061],[-0.279955,49.211619],[-0.28033,49.211321],[-0.281045,49.210793],[-0.281358,49.210544],[-0.28173,49.2102],[-0.284991,49.206562],[-0.28524,49.206288],[-0.28316,49.20587],[-0.283231,49.20579],[-0.281692,49.205461],[-0.281741,49.205335],[-0.280065,49.205042],[-0.280151,49.204785],[-0.275875,49.203827],[-0.275926,49.203723],[-0.275203,49.203559],[-0.274248,49.20329],[-0.273542,49.203122],[-0.27345,49.203278],[-0.271513,49.202849],[-0.268901,49.202172],[-0.268666,49.202656],[-0.268536,49.203002],[-0.268339,49.20335],[-0.268127,49.203627],[-0.267572,49.204112],[-0.264985,49.205965],[-0.264027,49.207256],[-0.262991,49.206989],[-0.261849,49.208845],[-0.260502,49.208534],[-0.259991,49.208389],[-0.259258,49.209483],[-0.259031,49.209762],[-0.25712,49.209338],[-0.25626,49.21084],[-0.25566,49.210665],[-0.254853,49.211395],[-0.254506,49.21162],[-0.253898,49.211942],[-0.251684,49.21309],[-0.250926,49.213511],[-0.249139,49.212721],[-0.247401,49.214168],[-0.246988,49.214023],[-0.246035,49.215171],[-0.245379,49.215731],[-0.245093,49.215911],[-0.245029,49.215821],[-0.244412,49.21561],[-0.244185,49.215973],[-0.243792,49.216917],[-0.243378,49.216489],[-0.242331,49.215456],[-0.242235,49.215444],[-0.241181,49.215897],[-0.240569,49.216037],[-0.239486,49.21626],[-0.237802,49.216586],[-0.238368,49.217484],[-0.238138,49.217528],[-0.238317,49.218384],[-0.2389,49.220464]]]}},{"type":"Feature","properties":{"insee":"14329","nom":"Heuland"},"geometry":{"type":"Polygon","coordinates":[[[-0.012713,49.246107],[-0.012471,49.246176],[-0.012156,49.246146],[-0.011877,49.246202],[-0.011712,49.246177],[-0.011606,49.24623],[-0.011429,49.246402],[-0.011455,49.246483],[-0.011215,49.246583],[-0.011122,49.246781],[-0.010865,49.246664],[-0.010787,49.246859],[-0.010572,49.247056],[-0.010268,49.247244],[-0.01018,49.247369],[-0.010141,49.247553],[-0.010034,49.247702],[-0.010133,49.247828],[-0.010116,49.247926],[-0.009987,49.247971],[-0.009678,49.247794],[-0.009496,49.247901],[-0.009592,49.248129],[-0.009532,49.248239],[-0.009374,49.248278],[-0.009224,49.248249],[-0.009039,49.248107],[-0.008996,49.247924],[-0.008735,49.24788],[-0.008637,49.247951],[-0.008503,49.248172],[-0.008689,49.248273],[-0.008752,49.248416],[-0.008632,49.248496],[-0.0084,49.248477],[-0.006268,49.24898],[-0.005858,49.248464],[-0.005694,49.248528],[-0.005334,49.248411],[-0.005178,49.24839],[-0.005048,49.248434],[-0.005106,49.248621],[-0.004771,49.248839],[-0.004538,49.24889],[-0.004319,49.249],[-0.004152,49.248991],[-0.003945,49.249101],[-0.003694,49.249078],[-0.003583,49.248995],[-0.003289,49.24894],[-0.003221,49.249269],[-0.003095,49.249326],[-0.002832,49.249225],[-0.002647,49.249253],[-0.002483,49.249523],[-0.002318,49.249526],[-0.00185,49.249372],[-0.001661,49.249254],[-0.001446,49.249301],[-0.001108,49.249316],[-0.000975,49.249373],[-0.000727,49.249369],[0.000142,49.249728],[0.000436,49.249757],[0.000431,49.250135],[0.000266,49.250913],[-0.000201,49.25083],[-0.000786,49.250827],[-0.000687,49.251087],[-0.000518,49.251155],[-0.000521,49.251454],[0.000435,49.251788],[0.001218,49.252487],[0.002064,49.252867],[0.002892,49.253289],[0.00344,49.253603],[0.003091,49.254362],[0.003241,49.254711],[0.003852,49.255389],[0.004781,49.2565],[0.005869,49.256965],[0.005943,49.257773],[0.007,49.258984],[0.006838,49.259089],[0.006258,49.259583],[0.005788,49.259821],[0.005569,49.26004],[0.005043,49.260349],[0.00491,49.260513],[0.004878,49.260686],[0.004688,49.260787],[0.004564,49.261121],[0.004315,49.261255],[0.004264,49.261525],[0.003995,49.261853],[0.003801,49.261972],[0.003633,49.262136],[0.003473,49.262421],[0.003199,49.262822],[0.003156,49.262925],[0.003182,49.263142],[0.003351,49.263489],[0.003561,49.263691],[0.003722,49.26395],[0.003909,49.264394],[0.004033,49.264607],[0.00432,49.264729],[0.004476,49.264863],[0.004507,49.264953],[0.004719,49.265134],[0.004619,49.265551],[0.004611,49.265805],[0.004524,49.266113],[0.004421,49.266269],[0.003893,49.266705],[0.00369,49.266962],[0.003607,49.267279],[0.003598,49.267535],[0.00364,49.267803],[0.003806,49.26817],[0.003874,49.26847],[0.004107,49.26876],[0.004192,49.268992],[0.004167,49.269315],[0.005284,49.26999],[0.005846,49.270344],[0.006317,49.271158],[0.006403,49.272148],[0.006644,49.274114],[0.007485,49.276534],[0.007719,49.277062],[0.007978,49.277442],[0.007044,49.277951],[0.006732,49.278138],[0.006455,49.278359],[0.006152,49.278661],[0.005715,49.279007],[0.00533,49.27924],[0.004586,49.279631],[0.003306,49.28031],[0.002583,49.280683],[0.002024,49.280921],[0.001559,49.28108],[0.000718,49.281338],[-7.1e-05,49.280362],[-0.000974,49.279288],[-0.001386,49.278734],[-0.001647,49.27875],[-0.002707,49.278742],[-0.003359,49.278751],[-0.005262,49.278746],[-0.005491,49.278456],[-0.00572,49.278255],[-0.006393,49.277704],[-0.006912,49.277168],[-0.007069,49.276987],[-0.007242,49.277026],[-0.00749,49.277164],[-0.007669,49.277322],[-0.008248,49.276285],[-0.00842,49.276311],[-0.008674,49.275783],[-0.007487,49.275595],[-0.007442,49.275465],[-0.007399,49.274534],[-0.007793,49.273714],[-0.007887,49.273261],[-0.007895,49.272905],[-0.007952,49.272538],[-0.008216,49.272536],[-0.008925,49.272454],[-0.009291,49.272431],[-0.009691,49.272344],[-0.009805,49.272294],[-0.010081,49.271811],[-0.009129,49.271313],[-0.00898,49.271176],[-0.008856,49.271004],[-0.008806,49.270757],[-0.008803,49.270334],[-0.008944,49.270179],[-0.009194,49.269726],[-0.009196,49.26953],[-0.009091,49.269241],[-0.008655,49.268488],[-0.007737,49.266745],[-0.007611,49.266315],[-0.007548,49.265733],[-0.00806,49.265632],[-0.007921,49.264211],[-0.007139,49.262207],[-0.006794,49.26117],[-0.005973,49.261356],[-0.005857,49.260323],[-0.005484,49.259544],[-0.004984,49.259726],[-0.004032,49.258779],[-0.004458,49.258578],[-0.004776,49.258406],[-0.003925,49.258058],[-0.003169,49.257759],[-0.003267,49.257533],[-0.003583,49.257129],[-0.00376,49.256983],[-0.004325,49.256629],[-0.004961,49.256279],[-0.005214,49.256095],[-0.005635,49.25585],[-0.005767,49.255723],[-0.006029,49.255209],[-0.006245,49.255034],[-0.007018,49.25472],[-0.006866,49.254439],[-0.007622,49.253406],[-0.008015,49.252962],[-0.008442,49.252358],[-0.00893,49.251726],[-0.009162,49.251457],[-0.009431,49.251198],[-0.010298,49.250322],[-0.01033,49.250275],[-0.010012,49.249706],[-0.009765,49.249125],[-0.009804,49.249092],[-0.010295,49.248999],[-0.010233,49.248595],[-0.010291,49.248557],[-0.010847,49.248443],[-0.011502,49.248279],[-0.011906,49.248203],[-0.011968,49.24813],[-0.012002,49.247936],[-0.012151,49.247744],[-0.012467,49.247574],[-0.012825,49.247444],[-0.012839,49.247218],[-0.012799,49.246893],[-0.012635,49.246706],[-0.012606,49.246345],[-0.012713,49.246107]]]}},{"type":"Feature","properties":{"insee":"14335","nom":"Hotot-en-Auge"},"geometry":{"type":"Polygon","coordinates":[[[-0.083885,49.202561],[-0.08429,49.202575],[-0.086031,49.202602],[-0.088507,49.202674],[-0.089041,49.202662],[-0.089442,49.202681],[-0.091537,49.202645],[-0.092667,49.202681],[-0.093284,49.202685],[-0.094872,49.202747],[-0.095946,49.202773],[-0.096412,49.20277],[-0.097282,49.202814],[-0.097797,49.202816],[-0.098312,49.202837],[-0.099716,49.202836],[-0.099964,49.202829],[-0.100895,49.202843],[-0.101673,49.202816],[-0.101791,49.20279],[-0.102541,49.202742],[-0.102835,49.202711],[-0.10315,49.202786],[-0.104,49.20274],[-0.104457,49.202852],[-0.104542,49.202727],[-0.104703,49.202787],[-0.106755,49.202091],[-0.106942,49.201982],[-0.107519,49.201453],[-0.107906,49.201141],[-0.108617,49.200448],[-0.108889,49.200077],[-0.109141,49.199835],[-0.10948,49.199546],[-0.109702,49.199396],[-0.110477,49.198912],[-0.110971,49.198631],[-0.111738,49.198218],[-0.112209,49.198023],[-0.113035,49.19761],[-0.113605,49.197267],[-0.113834,49.197157],[-0.114356,49.196951],[-0.114538,49.19686],[-0.115611,49.196272],[-0.116427,49.195853],[-0.117213,49.195296],[-0.117597,49.195071],[-0.11803,49.194786],[-0.118909,49.194243],[-0.119632,49.193815],[-0.121145,49.19304],[-0.122335,49.192419],[-0.122721,49.1922],[-0.123384,49.191849],[-0.124238,49.19136],[-0.124731,49.191107],[-0.125803,49.190587],[-0.126656,49.190161],[-0.127348,49.189797],[-0.12823,49.189358],[-0.12956,49.188655],[-0.130457,49.188188],[-0.131055,49.187914],[-0.131398,49.187796],[-0.1321,49.187591],[-0.13268,49.187434],[-0.133008,49.187361],[-0.136893,49.186373],[-0.1376,49.186235],[-0.139642,49.185935],[-0.139621,49.18588],[-0.140847,49.185727],[-0.140031,49.183837],[-0.139209,49.181885],[-0.138959,49.181935],[-0.138533,49.181904],[-0.137816,49.181738],[-0.137186,49.181664],[-0.136834,49.181607],[-0.136469,49.181496],[-0.136114,49.181434],[-0.135705,49.181466],[-0.134929,49.181597],[-0.134272,49.181641],[-0.133636,49.181766],[-0.13298,49.181978],[-0.132036,49.182033],[-0.131504,49.1821],[-0.131279,49.18209],[-0.130689,49.18201],[-0.128845,49.18205],[-0.128286,49.181985],[-0.127876,49.181959],[-0.127623,49.181904],[-0.126972,49.18158],[-0.125797,49.18102],[-0.125207,49.180659],[-0.124872,49.180554],[-0.124206,49.18031],[-0.123764,49.180095],[-0.123349,49.179931],[-0.122764,49.179743],[-0.122354,49.179635],[-0.122064,49.179477],[-0.12177,49.179355],[-0.121436,49.179279],[-0.120892,49.179264],[-0.120292,49.179333],[-0.11962,49.179366],[-0.118722,49.17945],[-0.118337,49.179475],[-0.117132,49.179521],[-0.116619,49.179455],[-0.115967,49.179298],[-0.115825,49.179248],[-0.115621,49.179112],[-0.115163,49.178868],[-0.114705,49.178669],[-0.113359,49.178046],[-0.112635,49.177759],[-0.112502,49.177657],[-0.112313,49.177428],[-0.112136,49.177287],[-0.111531,49.177013],[-0.110788,49.176642],[-0.110268,49.176467],[-0.109654,49.176291],[-0.109492,49.176178],[-0.109309,49.175946],[-0.109117,49.175552],[-0.10889,49.17514],[-0.108674,49.174926],[-0.108398,49.17471],[-0.108093,49.174409],[-0.107742,49.174114],[-0.107676,49.173936],[-0.107626,49.173524],[-0.107609,49.173111],[-0.107653,49.172847],[-0.107566,49.172618],[-0.107363,49.17244],[-0.106847,49.172126],[-0.106432,49.17181],[-0.106259,49.171726],[-0.105747,49.171637],[-0.105511,49.171559],[-0.10533,49.171433],[-0.105126,49.171222],[-0.104961,49.170977],[-0.104809,49.170617],[-0.104476,49.169984],[-0.104296,49.169465],[-0.104097,49.16908],[-0.103895,49.168778],[-0.103562,49.168098],[-0.102938,49.167436],[-0.102818,49.167285],[-0.102273,49.166852],[-0.101909,49.166615],[-0.100204,49.165705],[-0.099788,49.165406],[-0.098551,49.164547],[-0.098226,49.16434],[-0.097743,49.163746],[-0.097563,49.163651],[-0.097046,49.163633],[-0.096444,49.163632],[-0.096007,49.163698],[-0.095192,49.163872],[-0.094516,49.16395],[-0.093992,49.16403],[-0.093556,49.164127],[-0.093281,49.164164],[-0.092213,49.164243],[-0.091686,49.164261],[-0.091287,49.164319],[-0.090652,49.164458],[-0.089833,49.164526],[-0.089373,49.164511],[-0.088427,49.164556],[-0.087239,49.164562],[-0.086576,49.164554],[-0.084546,49.164494],[-0.084297,49.164505],[-0.084021,49.164554],[-0.083683,49.164674],[-0.083341,49.164713],[-0.082734,49.164632],[-0.081703,49.164528],[-0.080946,49.164525],[-0.080753,49.164504],[-0.080027,49.164338],[-0.078408,49.163931],[-0.077772,49.163813],[-0.077329,49.163803],[-0.077118,49.163777],[-0.076398,49.16356],[-0.075788,49.163396],[-0.075197,49.163265],[-0.074794,49.163047],[-0.074396,49.162741],[-0.073689,49.162392],[-0.073354,49.162198],[-0.073104,49.161958],[-0.072785,49.161506],[-0.07268,49.161308],[-0.072411,49.160949],[-0.07223,49.160758],[-0.072045,49.16048],[-0.071862,49.160264],[-0.071732,49.16016],[-0.070803,49.159734],[-0.070066,49.159341],[-0.069413,49.158921],[-0.068917,49.158561],[-0.068007,49.157983],[-0.067533,49.157667],[-0.067308,49.157389],[-0.067057,49.156967],[-0.066639,49.156442],[-0.066231,49.15571],[-0.065961,49.155421],[-0.065336,49.154475],[-0.065181,49.154266],[-0.064727,49.153734],[-0.064674,49.153581],[-0.064621,49.153053],[-0.064563,49.152775],[-0.064404,49.152545],[-0.064168,49.15234],[-0.063752,49.152099],[-0.063687,49.152],[-0.06364,49.15174],[-0.063634,49.151383],[-0.063594,49.151196],[-0.063158,49.15119],[-0.062475,49.151353],[-0.061931,49.151435],[-0.061665,49.151605],[-0.06147,49.151848],[-0.061329,49.151942],[-0.061069,49.152005],[-0.060769,49.152011],[-0.060363,49.151974],[-0.059733,49.151887],[-0.059307,49.151964],[-0.058955,49.151902],[-0.058689,49.151886],[-0.058365,49.151812],[-0.058178,49.151718],[-0.057817,49.151715],[-0.05767,49.151686],[-0.057457,49.151577],[-0.056844,49.151655],[-0.056382,49.151644],[-0.055985,49.151531],[-0.055314,49.15158],[-0.055002,49.151444],[-0.054818,49.151394],[-0.054478,49.151351],[-0.053895,49.151174],[-0.053519,49.15109],[-0.052972,49.151039],[-0.052583,49.150973],[-0.05183,49.150764],[-0.051116,49.150616],[-0.050188,49.150367],[-0.049526,49.150233],[-0.04925,49.15011],[-0.048991,49.150046],[-0.048349,49.149972],[-0.046807,49.14978],[-0.046573,49.149725],[-0.046294,49.149814],[-0.045809,49.150471],[-0.044976,49.151421],[-0.044849,49.151595],[-0.045179,49.151771],[-0.045262,49.151849],[-0.045252,49.151958],[-0.045092,49.152063],[-0.04464,49.152301],[-0.044235,49.152445],[-0.043677,49.15256],[-0.043384,49.152661],[-0.043177,49.152848],[-0.042781,49.153066],[-0.042604,49.153191],[-0.042382,49.153484],[-0.042237,49.153632],[-0.042377,49.15373],[-0.041964,49.153958],[-0.041652,49.154073],[-0.041401,49.154249],[-0.040866,49.154792],[-0.04069,49.154992],[-0.040455,49.155312],[-0.040249,49.155549],[-0.039973,49.155814],[-0.03978,49.156054],[-0.039435,49.156191],[-0.039076,49.15622],[-0.038794,49.1563],[-0.038448,49.15655],[-0.038116,49.156668],[-0.037993,49.156791],[-0.038005,49.156994],[-0.037934,49.15703],[-0.037449,49.15708],[-0.03687,49.157203],[-0.036321,49.157362],[-0.036113,49.157397],[-0.036003,49.157462],[-0.03585,49.157638],[-0.03577,49.157804],[-0.03559,49.157874],[-0.034597,49.15784],[-0.03403,49.157971],[-0.033729,49.158059],[-0.033336,49.15825],[-0.032932,49.158512],[-0.032679,49.158588],[-0.03246,49.158595],[-0.031908,49.158701],[-0.031552,49.158701],[-0.030999,49.15862],[-0.030789,49.158658],[-0.03071,49.158802],[-0.030455,49.158817],[-0.030029,49.158651],[-0.029798,49.158672],[-0.02963,49.158752],[-0.029781,49.159078],[-0.030083,49.159397],[-0.030471,49.160113],[-0.030613,49.16029],[-0.030915,49.160832],[-0.031605,49.161773],[-0.031641,49.161963],[-0.031674,49.162388],[-0.031755,49.162846],[-0.031753,49.162984],[-0.031856,49.163377],[-0.031849,49.163679],[-0.03198,49.164627],[-0.03213,49.1653],[-0.032087,49.167614],[-0.031991,49.169297],[-0.031484,49.169448],[-0.031318,49.1694],[-0.030873,49.169401],[-0.029485,49.169608],[-0.02917,49.169721],[-0.028816,49.169765],[-0.028448,49.169785],[-0.028627,49.172085],[-0.028765,49.173776],[-0.028799,49.173887],[-0.02853,49.173879],[-0.028033,49.173745],[-0.027316,49.173721],[-0.027258,49.173984],[-0.027253,49.17417],[-0.027089,49.175197],[-0.027234,49.175208],[-0.027279,49.175758],[-0.027471,49.175764],[-0.027511,49.176115],[-0.027657,49.176738],[-0.027768,49.177059],[-0.028076,49.177609],[-0.027603,49.177817],[-0.027342,49.177953],[-0.026747,49.178349],[-0.026458,49.178507],[-0.025931,49.178697],[-0.025215,49.178974],[-0.024297,49.179196],[-0.023441,49.179536],[-0.021895,49.180009],[-0.022311,49.182651],[-0.022421,49.183115],[-0.022528,49.1834],[-0.022772,49.183906],[-0.023024,49.18427],[-0.023172,49.184385],[-0.023868,49.185467],[-0.024274,49.186616],[-0.024738,49.186601],[-0.024871,49.186503],[-0.025175,49.186412],[-0.025683,49.186427],[-0.025842,49.186273],[-0.026316,49.186161],[-0.026541,49.186143],[-0.026747,49.186167],[-0.02726,49.186167],[-0.027924,49.186233],[-0.028168,49.186219],[-0.028341,49.186167],[-0.028626,49.186137],[-0.02879,49.186017],[-0.029008,49.185935],[-0.029289,49.185776],[-0.029783,49.18574],[-0.03033,49.185529],[-0.030636,49.185539],[-0.030818,49.18558],[-0.030902,49.185442],[-0.031062,49.185361],[-0.03176,49.185183],[-0.032435,49.18505],[-0.033201,49.184931],[-0.033455,49.184953],[-0.033672,49.184891],[-0.034054,49.184847],[-0.034918,49.18477],[-0.035525,49.1847],[-0.036571,49.18451],[-0.036772,49.184518],[-0.037265,49.18463],[-0.038001,49.184767],[-0.03814,49.184807],[-0.038524,49.185071],[-0.038607,49.185089],[-0.039071,49.185065],[-0.039399,49.185154],[-0.039492,49.185312],[-0.039871,49.185241],[-0.040187,49.185328],[-0.040561,49.185337],[-0.041054,49.18532],[-0.041284,49.185284],[-0.041402,49.185091],[-0.041585,49.185046],[-0.041898,49.185063],[-0.04207,49.185105],[-0.042377,49.185235],[-0.042682,49.185195],[-0.042868,49.185119],[-0.043149,49.185094],[-0.043657,49.185169],[-0.043978,49.185178],[-0.04445,49.185032],[-0.044737,49.185012],[-0.044398,49.184039],[-0.044071,49.18301],[-0.044731,49.182889],[-0.045229,49.182831],[-0.046297,49.182626],[-0.046422,49.182614],[-0.047087,49.182641],[-0.047646,49.18268],[-0.048487,49.182673],[-0.050136,49.182703],[-0.050209,49.182664],[-0.051056,49.182693],[-0.052406,49.182706],[-0.053116,49.1827],[-0.053972,49.182586],[-0.055205,49.182411],[-0.055519,49.182403],[-0.056343,49.18243],[-0.056984,49.182524],[-0.057149,49.182529],[-0.057849,49.182666],[-0.059075,49.182834],[-0.059496,49.182881],[-0.060393,49.183012],[-0.061103,49.183175],[-0.061488,49.183245],[-0.061447,49.183336],[-0.06169,49.183634],[-0.062305,49.184266],[-0.062479,49.184676],[-0.062845,49.185242],[-0.063736,49.186124],[-0.063797,49.186209],[-0.064176,49.18642],[-0.064161,49.187195],[-0.064213,49.187344],[-0.064442,49.187746],[-0.064782,49.187828],[-0.065005,49.188024],[-0.065029,49.188124],[-0.065187,49.188198],[-0.065381,49.188393],[-0.065758,49.188468],[-0.065846,49.188614],[-0.065982,49.188711],[-0.066258,49.1888],[-0.06647,49.188901],[-0.067752,49.18927],[-0.068284,49.189559],[-0.068356,49.189643],[-0.06873,49.189698],[-0.068876,49.190052],[-0.069233,49.190156],[-0.070084,49.190501],[-0.070436,49.190605],[-0.070594,49.190713],[-0.070668,49.190872],[-0.070829,49.190905],[-0.071023,49.190866],[-0.071381,49.191148],[-0.071595,49.191262],[-0.071622,49.19145],[-0.071994,49.191484],[-0.072315,49.191814],[-0.072781,49.192063],[-0.073007,49.192222],[-0.073211,49.192272],[-0.073348,49.19241],[-0.073529,49.192455],[-0.073809,49.192445],[-0.073966,49.192666],[-0.073856,49.192756],[-0.073898,49.192822],[-0.074387,49.192936],[-0.074284,49.193189],[-0.074466,49.19342],[-0.074456,49.193645],[-0.074567,49.193882],[-0.074671,49.194004],[-0.074899,49.1941],[-0.074797,49.194245],[-0.075121,49.194383],[-0.075227,49.194369],[-0.075493,49.194247],[-0.075725,49.194429],[-0.07599,49.194362],[-0.076079,49.194474],[-0.076301,49.194516],[-0.076313,49.194723],[-0.076568,49.19478],[-0.076611,49.19493],[-0.077006,49.194949],[-0.077175,49.195133],[-0.077168,49.195362],[-0.077509,49.195371],[-0.077606,49.195431],[-0.077596,49.195637],[-0.077828,49.195652],[-0.078003,49.195909],[-0.077842,49.196052],[-0.077853,49.196125],[-0.078024,49.19616],[-0.078304,49.196088],[-0.078417,49.196116],[-0.078391,49.196269],[-0.078564,49.196369],[-0.078466,49.196643],[-0.078529,49.196866],[-0.078402,49.19693],[-0.078418,49.197046],[-0.078604,49.197134],[-0.078755,49.197363],[-0.078916,49.197415],[-0.07899,49.197567],[-0.078882,49.197704],[-0.078849,49.197907],[-0.078706,49.197992],[-0.07867,49.198145],[-0.078826,49.198264],[-0.078678,49.198449],[-0.078741,49.198581],[-0.078736,49.198721],[-0.079101,49.198864],[-0.079247,49.198894],[-0.079469,49.199125],[-0.079647,49.199206],[-0.079957,49.199427],[-0.080614,49.199708],[-0.080787,49.19987],[-0.081152,49.199981],[-0.081263,49.200097],[-0.081624,49.200196],[-0.081847,49.200226],[-0.081921,49.200368],[-0.082211,49.200526],[-0.082389,49.200664],[-0.082592,49.200674],[-0.082831,49.200754],[-0.083164,49.200806],[-0.083626,49.200917],[-0.083928,49.200957],[-0.08387,49.202468],[-0.083885,49.202561]]]}},{"type":"Feature","properties":{"insee":"14338","nom":"Houlgate"},"geometry":{"type":"Polygon","coordinates":[[[-0.069214,49.289501],[-0.068252,49.289967],[-0.067883,49.290525],[-0.067707,49.29072],[-0.06749,49.290873],[-0.066918,49.291168],[-0.06711,49.291331],[-0.066225,49.291829],[-0.065611,49.292055],[-0.065437,49.291946],[-0.065486,49.291753],[-0.065288,49.291491],[-0.064981,49.291142],[-0.06421,49.291414],[-0.063905,49.291456],[-0.063296,49.29147],[-0.063019,49.291454],[-0.062477,49.291386],[-0.062226,49.291331],[-0.061758,49.291088],[-0.061844,49.290825],[-0.061836,49.290686],[-0.061675,49.290449],[-0.061077,49.290002],[-0.061093,49.289892],[-0.060903,49.289893],[-0.060162,49.290636],[-0.059847,49.290548],[-0.059697,49.290552],[-0.059288,49.290839],[-0.058951,49.291166],[-0.058617,49.291404],[-0.058236,49.291613],[-0.0578,49.291753],[-0.057483,49.2918],[-0.057403,49.292017],[-0.057165,49.292081],[-0.056783,49.29214],[-0.056365,49.292174],[-0.055987,49.292146],[-0.055537,49.292022],[-0.054718,49.291772],[-0.05437,49.29165],[-0.053909,49.291452],[-0.053642,49.291493],[-0.053149,49.29169],[-0.052729,49.291915],[-0.05222,49.292215],[-0.052241,49.292375],[-0.052138,49.292716],[-0.052051,49.292861],[-0.051828,49.293125],[-0.051648,49.29338],[-0.051345,49.293983],[-0.050647,49.293834],[-0.050029,49.293658],[-0.049454,49.293439],[-0.048923,49.293162],[-0.048394,49.293635],[-0.047383,49.293759],[-0.046964,49.29374],[-0.046162,49.293527],[-0.045785,49.293517],[-0.04598,49.293964],[-0.046151,49.29451],[-0.044404,49.295184],[-0.044752,49.295164],[-0.044981,49.295188],[-0.045591,49.295158],[-0.045901,49.295717],[-0.046016,49.29569],[-0.046087,49.296027],[-0.045929,49.29655],[-0.045893,49.29718],[-0.045917,49.297346],[-0.046155,49.297679],[-0.046219,49.298104],[-0.046194,49.298662],[-0.046081,49.299027],[-0.046154,49.299456],[-0.046302,49.30007],[-0.045996,49.300217],[-0.046149,49.300393],[-0.046231,49.300552],[-0.046332,49.300884],[-0.046303,49.301364],[-0.045827,49.302209],[-0.045722,49.302545],[-0.045739,49.303008],[-0.045675,49.303433],[-0.045727,49.303573],[-0.045913,49.303779],[-0.04668,49.304211],[-0.047434,49.304543],[-0.047679,49.304679],[-0.047766,49.304779],[-0.048126,49.305384],[-0.048218,49.305583],[-0.048351,49.306111],[-0.048377,49.306282],[-0.048925,49.30622],[-0.049655,49.306166],[-0.050694,49.306115],[-0.052303,49.305961],[-0.053455,49.305858],[-0.053874,49.305809],[-0.054563,49.305687],[-0.055167,49.305561],[-0.055629,49.305428],[-0.056711,49.305067],[-0.057218,49.304911],[-0.057904,49.304756],[-0.058346,49.304771],[-0.059038,49.304766],[-0.059852,49.304804],[-0.061924,49.304999],[-0.062742,49.304984],[-0.063616,49.304941],[-0.063939,49.304877],[-0.064253,49.304779],[-0.064671,49.304708],[-0.064918,49.304702],[-0.065393,49.304918],[-0.065972,49.304895],[-0.065991,49.305007],[-0.066179,49.305058],[-0.06635,49.305424],[-0.065831,49.307072],[-0.066223,49.307057],[-0.066481,49.306992],[-0.06669,49.306979],[-0.066894,49.306923],[-0.067416,49.306833],[-0.067675,49.306851],[-0.067873,49.30696],[-0.068721,49.306768],[-0.06881,49.306788],[-0.069702,49.30659],[-0.071207,49.306212],[-0.071413,49.306139],[-0.071636,49.306139],[-0.072287,49.306071],[-0.072581,49.306003],[-0.072682,49.305931],[-0.073195,49.305769],[-0.073527,49.305758],[-0.074023,49.305677],[-0.074748,49.305441],[-0.075202,49.305349],[-0.075704,49.305214],[-0.076857,49.30485],[-0.077047,49.304748],[-0.077428,49.304654],[-0.077708,49.304625],[-0.078159,49.304466],[-0.078255,49.304322],[-0.078629,49.304174],[-0.078918,49.303998],[-0.079563,49.303733],[-0.079852,49.303669],[-0.080169,49.303685],[-0.080914,49.303372],[-0.081318,49.303179],[-0.082121,49.302853],[-0.082242,49.302691],[-0.08213,49.3026],[-0.081989,49.302596],[-0.082279,49.302352],[-0.082581,49.302155],[-0.082888,49.301912],[-0.083153,49.301741],[-0.083387,49.301515],[-0.083349,49.301406],[-0.083169,49.301375],[-0.082827,49.301468],[-0.082696,49.301457],[-0.082393,49.301325],[-0.082458,49.301251],[-0.082739,49.301352],[-0.082881,49.301272],[-0.083319,49.30127],[-0.083537,49.301335],[-0.083713,49.301259],[-0.083863,49.301129],[-0.084149,49.300962],[-0.084236,49.300945],[-0.084807,49.300538],[-0.084993,49.300371],[-0.085014,49.300238],[-0.084887,49.300097],[-0.085025,49.299758],[-0.085196,49.299475],[-0.085376,49.299262],[-0.085786,49.298911],[-0.086021,49.298653],[-0.085891,49.298624],[-0.085714,49.298674],[-0.086115,49.298082],[-0.086299,49.297877],[-0.086389,49.297824],[-0.086539,49.297539],[-0.086882,49.297155],[-0.087167,49.296743],[-0.087715,49.296048],[-0.087954,49.295804],[-0.088361,49.295493],[-0.088695,49.295301],[-0.08898,49.295165],[-0.089366,49.295019],[-0.089762,49.294916],[-0.089739,49.294772],[-0.090103,49.294592],[-0.090327,49.294414],[-0.089192,49.293972],[-0.088813,49.293933],[-0.088722,49.29396],[-0.08838,49.293823],[-0.087961,49.293585],[-0.087731,49.293547],[-0.086692,49.293194],[-0.086721,49.292852],[-0.08684,49.292703],[-0.086903,49.292342],[-0.087043,49.29228],[-0.087366,49.291565],[-0.087748,49.2914],[-0.087468,49.290994],[-0.086831,49.290456],[-0.086366,49.289792],[-0.085815,49.289106],[-0.085871,49.289066],[-0.084914,49.288102],[-0.085038,49.288035],[-0.084724,49.287634],[-0.08444,49.287408],[-0.08416,49.287133],[-0.083929,49.286966],[-0.083681,49.287091],[-0.083303,49.287337],[-0.083066,49.28759],[-0.082861,49.287651],[-0.082048,49.287993],[-0.081563,49.288289],[-0.080884,49.288546],[-0.080317,49.28874],[-0.080263,49.288775],[-0.079995,49.288449],[-0.079846,49.288331],[-0.079382,49.288435],[-0.079034,49.288487],[-0.078893,49.288563],[-0.077633,49.288881],[-0.077112,49.289111],[-0.076037,49.289216],[-0.075627,49.289242],[-0.075465,49.289337],[-0.074902,49.289329],[-0.074863,49.289135],[-0.074391,49.289129],[-0.073541,49.289077],[-0.073335,49.289048],[-0.073097,49.289153],[-0.072493,49.289273],[-0.072495,49.289365],[-0.072347,49.289449],[-0.071781,49.289602],[-0.071669,49.289676],[-0.071561,49.290138],[-0.071226,49.290147],[-0.070933,49.29009],[-0.070149,49.289762],[-0.069464,49.289555],[-0.069214,49.289501]]]}},{"type":"Feature","properties":{"insee":"14409","nom":"Merville-Franceville-Plage"},"geometry":{"type":"Polygon","coordinates":[[[-0.200833,49.253748],[-0.202171,49.254282],[-0.202928,49.253446],[-0.20339,49.25341],[-0.203667,49.253413],[-0.20286,49.254231],[-0.203054,49.254298],[-0.203892,49.253417],[-0.204128,49.253512],[-0.204929,49.253913],[-0.205116,49.253982],[-0.204514,49.254836],[-0.204676,49.254861],[-0.206705,49.255089],[-0.206786,49.255168],[-0.206103,49.25569],[-0.205874,49.255887],[-0.205585,49.256199],[-0.208295,49.25691],[-0.207815,49.257495],[-0.206066,49.259674],[-0.205332,49.260474],[-0.204753,49.261036],[-0.203943,49.261856],[-0.204139,49.261915],[-0.204034,49.262123],[-0.205513,49.262552],[-0.205644,49.262612],[-0.205528,49.262853],[-0.20538,49.26391],[-0.204269,49.263815],[-0.203251,49.263707],[-0.202819,49.263683],[-0.202745,49.264085],[-0.202612,49.264962],[-0.20232,49.26495],[-0.201772,49.267059],[-0.200247,49.266854],[-0.199096,49.266738],[-0.198349,49.266696],[-0.197734,49.266709],[-0.197029,49.266622],[-0.196392,49.266503],[-0.195795,49.2665],[-0.195252,49.266548],[-0.194745,49.266553],[-0.194179,49.26649],[-0.193373,49.266264],[-0.192751,49.266029],[-0.191429,49.265698],[-0.190555,49.265518],[-0.189575,49.265272],[-0.188747,49.264958],[-0.188206,49.264653],[-0.187605,49.264387],[-0.187365,49.264225],[-0.187012,49.264254],[-0.185735,49.264482],[-0.185154,49.264632],[-0.184462,49.264749],[-0.184368,49.264827],[-0.184155,49.265099],[-0.183739,49.265329],[-0.183454,49.265591],[-0.183332,49.26576],[-0.183077,49.266343],[-0.182836,49.267353],[-0.182817,49.267597],[-0.182872,49.267955],[-0.183009,49.268306],[-0.183023,49.268468],[-0.182638,49.269827],[-0.182597,49.269893],[-0.182367,49.269953],[-0.181857,49.270221],[-0.181383,49.270422],[-0.180964,49.270546],[-0.18088,49.270613],[-0.180574,49.271208],[-0.180466,49.271344],[-0.18011,49.271595],[-0.179908,49.27169],[-0.179517,49.27179],[-0.179222,49.271798],[-0.178659,49.271874],[-0.178175,49.271985],[-0.177625,49.271902],[-0.177206,49.271865],[-0.17648,49.271903],[-0.17625,49.271856],[-0.175984,49.271935],[-0.175516,49.271985],[-0.174914,49.272086],[-0.174318,49.272245],[-0.175112,49.272684],[-0.175696,49.272928],[-0.175576,49.273101],[-0.175054,49.273441],[-0.174769,49.273546],[-0.174426,49.273581],[-0.174161,49.273661],[-0.174069,49.273765],[-0.173954,49.274005],[-0.173856,49.274079],[-0.173451,49.274123],[-0.173248,49.274057],[-0.173032,49.274075],[-0.172777,49.274187],[-0.172202,49.27423],[-0.171887,49.274337],[-0.171708,49.274459],[-0.171942,49.27462],[-0.171954,49.274845],[-0.172151,49.275067],[-0.172098,49.275221],[-0.172209,49.275519],[-0.172138,49.275661],[-0.171846,49.275856],[-0.171817,49.275947],[-0.172247,49.276104],[-0.172613,49.27632],[-0.172714,49.276159],[-0.173107,49.2763],[-0.173338,49.276447],[-0.17353,49.276674],[-0.173681,49.276917],[-0.173899,49.276912],[-0.174069,49.276967],[-0.174391,49.277136],[-0.174392,49.277442],[-0.17443,49.27757],[-0.174166,49.277885],[-0.17405,49.277817],[-0.173923,49.277913],[-0.173592,49.277817],[-0.173251,49.277471],[-0.173121,49.277254],[-0.173011,49.276968],[-0.171347,49.276606],[-0.171335,49.276873],[-0.171045,49.276785],[-0.170411,49.278183],[-0.170212,49.278206],[-0.169709,49.27832],[-0.169335,49.279627],[-0.168631,49.279618],[-0.168325,49.279585],[-0.167938,49.27951],[-0.167456,49.279394],[-0.166531,49.279101],[-0.166269,49.279043],[-0.166009,49.279067],[-0.165719,49.278984],[-0.165256,49.279436],[-0.165593,49.27952],[-0.16592,49.279551],[-0.166047,49.27938],[-0.166991,49.279897],[-0.167298,49.280102],[-0.167801,49.2801],[-0.167761,49.280277],[-0.167068,49.281037],[-0.167079,49.281205],[-0.16704,49.281555],[-0.166906,49.282105],[-0.166739,49.282631],[-0.167808,49.28288],[-0.167753,49.282974],[-0.168188,49.283073],[-0.168726,49.283255],[-0.169066,49.283455],[-0.16933,49.283978],[-0.169408,49.284304],[-0.169585,49.284294],[-0.169773,49.284811],[-0.16973,49.285047],[-0.170057,49.285064],[-0.16999,49.286164],[-0.169992,49.28645],[-0.170283,49.2864],[-0.170483,49.286396],[-0.171032,49.286314],[-0.171505,49.286316],[-0.172284,49.286262],[-0.174549,49.286214],[-0.176045,49.286231],[-0.17647,49.286212],[-0.177325,49.286218],[-0.177851,49.286245],[-0.177607,49.286326],[-0.177381,49.286303],[-0.177142,49.286322],[-0.177081,49.286409],[-0.176671,49.286471],[-0.176137,49.28645],[-0.176064,49.286508],[-0.176401,49.286554],[-0.177096,49.286525],[-0.177257,49.286545],[-0.178008,49.286519],[-0.178719,49.286482],[-0.179358,49.286468],[-0.180074,49.286422],[-0.180164,49.286449],[-0.18051,49.286394],[-0.180954,49.286389],[-0.181103,49.286359],[-0.181963,49.286288],[-0.182501,49.286277],[-0.18286,49.286225],[-0.183173,49.286219],[-0.183639,49.28617],[-0.184089,49.286204],[-0.184665,49.286191],[-0.184746,49.286164],[-0.185284,49.28618],[-0.185429,49.286157],[-0.18594,49.286167],[-0.186527,49.286138],[-0.186689,49.286112],[-0.1876,49.28611],[-0.188079,49.286065],[-0.188673,49.286044],[-0.189086,49.286052],[-0.190603,49.286137],[-0.191434,49.286171],[-0.191798,49.286136],[-0.192002,49.28621],[-0.192073,49.286283],[-0.192319,49.28635],[-0.192344,49.286406],[-0.192008,49.286435],[-0.191412,49.286404],[-0.190451,49.286237],[-0.189954,49.286205],[-0.189826,49.286252],[-0.189396,49.286253],[-0.190278,49.286375],[-0.190576,49.286428],[-0.190775,49.286497],[-0.191338,49.28657],[-0.191872,49.286604],[-0.192689,49.286621],[-0.192897,49.286652],[-0.193399,49.286646],[-0.194619,49.286696],[-0.195626,49.286713],[-0.19682,49.286673],[-0.197383,49.286684],[-0.197905,49.286673],[-0.198018,49.286653],[-0.198741,49.286667],[-0.20028,49.28678],[-0.200988,49.286804],[-0.202144,49.286907],[-0.203348,49.286999],[-0.203798,49.287016],[-0.20442,49.286999],[-0.205392,49.286955],[-0.205752,49.286929],[-0.206391,49.286924],[-0.206727,49.286951],[-0.207774,49.287106],[-0.208401,49.287136],[-0.208522,49.287078],[-0.208784,49.287141],[-0.209036,49.287138],[-0.210041,49.287049],[-0.211456,49.286993],[-0.212606,49.286989],[-0.213851,49.28696],[-0.214432,49.286965],[-0.215773,49.286953],[-0.216922,49.286958],[-0.217582,49.286873],[-0.218615,49.286624],[-0.219523,49.286418],[-0.220426,49.286199],[-0.221207,49.286052],[-0.222445,49.285916],[-0.223184,49.285819],[-0.223832,49.285713],[-0.224672,49.285609],[-0.225223,49.285583],[-0.225555,49.285593],[-0.22717,49.285861],[-0.227692,49.285892],[-0.22803,49.285934],[-0.228809,49.28607],[-0.229177,49.286059],[-0.229355,49.286012],[-0.229833,49.285751],[-0.230308,49.285521],[-0.230366,49.285454],[-0.230665,49.285334],[-0.23076,49.285333],[-0.231296,49.285127],[-0.231931,49.28491],[-0.232441,49.284713],[-0.232877,49.284568],[-0.234024,49.284091],[-0.234472,49.283917],[-0.234451,49.283798],[-0.234185,49.283459],[-0.233852,49.28313],[-0.233663,49.283028],[-0.233712,49.282925],[-0.233569,49.28271],[-0.233319,49.282503],[-0.233037,49.282784],[-0.232943,49.282927],[-0.233323,49.28313],[-0.233471,49.283262],[-0.233598,49.28351],[-0.233715,49.283578],[-0.233963,49.283507],[-0.234046,49.283628],[-0.233826,49.283874],[-0.233498,49.283991],[-0.233268,49.284171],[-0.233012,49.284285],[-0.232476,49.284357],[-0.232147,49.284445],[-0.231682,49.284598],[-0.231327,49.284822],[-0.231102,49.284889],[-0.230838,49.285062],[-0.230581,49.285181],[-0.230252,49.285213],[-0.229994,49.285346],[-0.229818,49.285398],[-0.229573,49.285401],[-0.229381,49.285265],[-0.229407,49.285119],[-0.229275,49.284752],[-0.229295,49.284528],[-0.229217,49.284302],[-0.229035,49.284056],[-0.228916,49.283841],[-0.228611,49.283199],[-0.228408,49.282734],[-0.228357,49.282411],[-0.228374,49.282057],[-0.228188,49.28137],[-0.228079,49.28122],[-0.227795,49.281079],[-0.22741,49.280923],[-0.227068,49.280838],[-0.226853,49.280879],[-0.226869,49.280963],[-0.22705,49.280966],[-0.227442,49.281054],[-0.227497,49.281168],[-0.227727,49.281321],[-0.227782,49.281485],[-0.227864,49.281539],[-0.227853,49.281702],[-0.227708,49.281772],[-0.227462,49.281761],[-0.227326,49.281838],[-0.227304,49.281924],[-0.227413,49.282063],[-0.227802,49.282172],[-0.227696,49.282353],[-0.227557,49.28242],[-0.227394,49.282388],[-0.227285,49.282466],[-0.227394,49.28267],[-0.227665,49.282934],[-0.227846,49.283184],[-0.227945,49.283388],[-0.227983,49.283689],[-0.227854,49.28387],[-0.227586,49.283911],[-0.227354,49.283891],[-0.22712,49.283953],[-0.226661,49.283963],[-0.226225,49.284014],[-0.225787,49.284154],[-0.225351,49.284176],[-0.224892,49.284358],[-0.224667,49.284416],[-0.224249,49.284475],[-0.224022,49.284556],[-0.223812,49.284506],[-0.224178,49.284304],[-0.224484,49.284206],[-0.225085,49.284074],[-0.225364,49.283946],[-0.225677,49.283649],[-0.225655,49.283533],[-0.225556,49.283496],[-0.224982,49.283751],[-0.223633,49.284188],[-0.222487,49.284443],[-0.222111,49.284466],[-0.221645,49.284329],[-0.221326,49.284289],[-0.221397,49.284069],[-0.221198,49.283988],[-0.220993,49.28401],[-0.220744,49.284084],[-0.220149,49.284208],[-0.219751,49.284273],[-0.219183,49.284468],[-0.218306,49.284701],[-0.2178,49.284761],[-0.217472,49.284899],[-0.217522,49.284686],[-0.217681,49.284591],[-0.218235,49.284364],[-0.219119,49.284081],[-0.219572,49.283786],[-0.219797,49.283705],[-0.219963,49.283694],[-0.220387,49.283745],[-0.220674,49.283831],[-0.221056,49.283819],[-0.22126,49.283766],[-0.221296,49.28368],[-0.221237,49.283447],[-0.221413,49.28341],[-0.22145,49.283566],[-0.221585,49.283602],[-0.221741,49.28334],[-0.221645,49.283168],[-0.221649,49.283083],[-0.221775,49.282955],[-0.22197,49.282872],[-0.222263,49.282838],[-0.222487,49.282954],[-0.222665,49.283256],[-0.222657,49.283337],[-0.222504,49.283442],[-0.222104,49.283625],[-0.221803,49.283723],[-0.221714,49.283816],[-0.2218,49.284021],[-0.222057,49.284179],[-0.222228,49.284197],[-0.222447,49.284141],[-0.223414,49.28375],[-0.223753,49.283648],[-0.224796,49.283451],[-0.225003,49.283388],[-0.225533,49.283086],[-0.225798,49.282905],[-0.226018,49.282722],[-0.226174,49.28247],[-0.225996,49.282155],[-0.22595,49.281924],[-0.225689,49.281544],[-0.225711,49.281376],[-0.225583,49.281158],[-0.225269,49.28097],[-0.225101,49.280764],[-0.22524,49.280569],[-0.225204,49.280364],[-0.224763,49.279986],[-0.224673,49.279877],[-0.224268,49.279519],[-0.223874,49.279214],[-0.223642,49.279146],[-0.223662,49.279048],[-0.22344,49.278869],[-0.22319,49.278756],[-0.223037,49.278725],[-0.22268,49.278713],[-0.222473,49.278671],[-0.222175,49.278482],[-0.222042,49.27829],[-0.221959,49.277981],[-0.221935,49.277727],[-0.221989,49.277089],[-0.221916,49.276926],[-0.221927,49.276779],[-0.221841,49.276695],[-0.221899,49.276506],[-0.222106,49.27604],[-0.222537,49.275452],[-0.222896,49.275051],[-0.223259,49.274461],[-0.223396,49.274092],[-0.22352,49.273268],[-0.22358,49.273185],[-0.22359,49.272528],[-0.223416,49.27217],[-0.223109,49.27179],[-0.223001,49.271738],[-0.222434,49.271632],[-0.222161,49.27156],[-0.221635,49.27152],[-0.221296,49.271552],[-0.220816,49.271657],[-0.220125,49.272007],[-0.219638,49.272331],[-0.219392,49.272342],[-0.218918,49.272099],[-0.219018,49.271935],[-0.219245,49.271767],[-0.219364,49.271577],[-0.219082,49.271265],[-0.219064,49.271094],[-0.219124,49.271013],[-0.21942,49.270783],[-0.219903,49.270455],[-0.220275,49.270139],[-0.220792,49.269779],[-0.221171,49.2696],[-0.221636,49.269185],[-0.221858,49.26895],[-0.222266,49.268614],[-0.223079,49.268268],[-0.223412,49.268201],[-0.223838,49.268159],[-0.22479,49.268014],[-0.225455,49.267853],[-0.223113,49.265602],[-0.22252,49.264638],[-0.22217,49.264033],[-0.221924,49.263536],[-0.221837,49.263221],[-0.221795,49.26289],[-0.221812,49.262344],[-0.221816,49.261646],[-0.221871,49.261274],[-0.221832,49.261077],[-0.221854,49.260858],[-0.222214,49.259876],[-0.222469,49.259434],[-0.222719,49.259105],[-0.223739,49.25761],[-0.224143,49.257082],[-0.224404,49.256878],[-0.224723,49.256749],[-0.224196,49.256716],[-0.22423,49.25649],[-0.224409,49.255988],[-0.224452,49.255605],[-0.224357,49.255594],[-0.22207,49.254611],[-0.222558,49.25403],[-0.221517,49.253544],[-0.222366,49.252218],[-0.221824,49.252032],[-0.220914,49.251694],[-0.219615,49.251116],[-0.218829,49.250711],[-0.217593,49.250237],[-0.216125,49.250254],[-0.215793,49.250108],[-0.214197,49.249354],[-0.214055,49.249246],[-0.21439,49.248859],[-0.214096,49.248797],[-0.213253,49.24857],[-0.211543,49.248182],[-0.211843,49.247722],[-0.211185,49.247589],[-0.208478,49.246955],[-0.208146,49.247032],[-0.207951,49.247391],[-0.207899,49.247681],[-0.207977,49.248013],[-0.207948,49.248201],[-0.207697,49.248372],[-0.207301,49.248861],[-0.206983,49.249294],[-0.206759,49.24967],[-0.206298,49.249885],[-0.205752,49.250054],[-0.205295,49.250286],[-0.205075,49.250433],[-0.203987,49.251249],[-0.202842,49.252402],[-0.202564,49.252608],[-0.202215,49.252826],[-0.201295,49.253351],[-0.201081,49.253495],[-0.200833,49.253748]]]}},{"type":"Feature","properties":{"insee":"14494","nom":"Périers-en-Auge"},"geometry":{"type":"Polygon","coordinates":[[[-0.071694,49.250952],[-0.071754,49.251092],[-0.071742,49.251549],[-0.071674,49.251559],[-0.070028,49.25205],[-0.069263,49.252224],[-0.068231,49.252642],[-0.067569,49.253041],[-0.067265,49.253307],[-0.067084,49.253571],[-0.066864,49.254008],[-0.066907,49.254292],[-0.066668,49.254341],[-0.067269,49.255192],[-0.067708,49.255943],[-0.06856,49.257038],[-0.069603,49.258216],[-0.070036,49.25869],[-0.07021,49.258817],[-0.069979,49.258947],[-0.069633,49.259009],[-0.069294,49.259016],[-0.068923,49.258925],[-0.068682,49.258801],[-0.06809,49.258799],[-0.068155,49.259136],[-0.068249,49.259378],[-0.06841,49.259582],[-0.068767,49.259581],[-0.069859,49.259638],[-0.070083,49.259633],[-0.070532,49.259503],[-0.070979,49.259934],[-0.0712,49.260251],[-0.072156,49.261239],[-0.072302,49.261308],[-0.072777,49.261459],[-0.073006,49.261191],[-0.073166,49.261045],[-0.073562,49.26076],[-0.07401,49.260488],[-0.074339,49.260264],[-0.074861,49.260529],[-0.075196,49.260581],[-0.075597,49.260587],[-0.076649,49.2605],[-0.076969,49.26055],[-0.077138,49.260648],[-0.077212,49.260815],[-0.077415,49.261705],[-0.077472,49.262043],[-0.077578,49.262261],[-0.07833,49.262079],[-0.078635,49.262029],[-0.07921,49.261986],[-0.079867,49.261896],[-0.080502,49.262097],[-0.081015,49.262189],[-0.081423,49.262239],[-0.081349,49.262363],[-0.08162,49.262362],[-0.082029,49.262586],[-0.082401,49.262669],[-0.082566,49.262756],[-0.082822,49.262802],[-0.083105,49.26289],[-0.083689,49.26313],[-0.083942,49.263286],[-0.084203,49.263348],[-0.084487,49.263499],[-0.084468,49.264469],[-0.084244,49.264453],[-0.083714,49.264355],[-0.083481,49.264351],[-0.083299,49.264238],[-0.082875,49.26407],[-0.082761,49.263829],[-0.082648,49.263712],[-0.082343,49.263514],[-0.082102,49.263392],[-0.081853,49.263318],[-0.081477,49.26331],[-0.081702,49.263684],[-0.08191,49.264222],[-0.082106,49.2652],[-0.082142,49.265277],[-0.082279,49.265909],[-0.082197,49.266012],[-0.08307,49.266496],[-0.084033,49.266905],[-0.084504,49.26705],[-0.084242,49.267119],[-0.083694,49.267309],[-0.082853,49.267522],[-0.082026,49.2678],[-0.081655,49.267892],[-0.080682,49.268162],[-0.081635,49.268847],[-0.08157,49.269015],[-0.081564,49.269386],[-0.08078,49.269219],[-0.080349,49.269079],[-0.079974,49.268923],[-0.079281,49.269469],[-0.079274,49.269611],[-0.079661,49.269566],[-0.079897,49.26948],[-0.080013,49.269915],[-0.080069,49.270427],[-0.080035,49.270745],[-0.079973,49.270912],[-0.079744,49.271239],[-0.080869,49.27139],[-0.080981,49.271231],[-0.081314,49.271245],[-0.082378,49.271323],[-0.082594,49.271348],[-0.08297,49.271505],[-0.082876,49.271932],[-0.082786,49.272478],[-0.083564,49.272545],[-0.083522,49.273538],[-0.083587,49.273833],[-0.08366,49.273967],[-0.084107,49.273826],[-0.084434,49.273776],[-0.085454,49.273802],[-0.086244,49.273782],[-0.08661,49.273705],[-0.086848,49.27368],[-0.087337,49.273666],[-0.087598,49.273687],[-0.088198,49.273683],[-0.089143,49.273727],[-0.089637,49.273714],[-0.090842,49.273727],[-0.091227,49.273773],[-0.091804,49.273871],[-0.093334,49.274164],[-0.094548,49.274425],[-0.094685,49.274042],[-0.094853,49.274101],[-0.095018,49.274226],[-0.095263,49.274333],[-0.095855,49.274503],[-0.096175,49.274457],[-0.096762,49.274541],[-0.097467,49.274577],[-0.097726,49.274519],[-0.098014,49.274594],[-0.098567,49.274665],[-0.098865,49.274737],[-0.098667,49.275605],[-0.100077,49.275644],[-0.100897,49.275686],[-0.101507,49.275661],[-0.101661,49.275619],[-0.102784,49.275425],[-0.10311,49.275342],[-0.103738,49.275122],[-0.103728,49.275326],[-0.103587,49.276367],[-0.103625,49.276423],[-0.103535,49.277216],[-0.103903,49.277387],[-0.10464,49.277497],[-0.104977,49.277648],[-0.10505,49.277823],[-0.105361,49.277812],[-0.105344,49.27792],[-0.105552,49.278015],[-0.105676,49.278133],[-0.10586,49.278125],[-0.106124,49.278056],[-0.10621,49.277952],[-0.106392,49.27796],[-0.10648,49.278073],[-0.106683,49.278088],[-0.106984,49.277955],[-0.107755,49.277925],[-0.108323,49.277888],[-0.109099,49.277859],[-0.10925,49.277776],[-0.109825,49.278045],[-0.109912,49.278207],[-0.109999,49.278238],[-0.110454,49.278216],[-0.110741,49.278144],[-0.111085,49.278096],[-0.111781,49.278111],[-0.112079,49.278136],[-0.112678,49.277936],[-0.112218,49.277729],[-0.111311,49.277265],[-0.11106,49.276975],[-0.110909,49.276596],[-0.110925,49.276264],[-0.111038,49.275627],[-0.111069,49.274757],[-0.110998,49.274376],[-0.110752,49.273805],[-0.110561,49.273513],[-0.110329,49.273222],[-0.110054,49.27297],[-0.109792,49.272842],[-0.109281,49.272796],[-0.108908,49.272804],[-0.10788,49.272921],[-0.107378,49.272936],[-0.106893,49.272856],[-0.106557,49.272711],[-0.106299,49.272511],[-0.106071,49.272277],[-0.105824,49.271901],[-0.105444,49.270979],[-0.105326,49.270533],[-0.105342,49.270114],[-0.105436,49.269796],[-0.10553,49.269652],[-0.105816,49.269374],[-0.106303,49.269049],[-0.106788,49.268819],[-0.107831,49.268544],[-0.108301,49.2685],[-0.108595,49.268527],[-0.109543,49.268704],[-0.11007,49.268712],[-0.11057,49.268653],[-0.111225,49.268505],[-0.111876,49.268253],[-0.112152,49.268104],[-0.112578,49.267742],[-0.112701,49.267539],[-0.11277,49.267313],[-0.112771,49.267061],[-0.112705,49.266767],[-0.112557,49.266431],[-0.112387,49.266105],[-0.11219,49.265656],[-0.112089,49.265377],[-0.112047,49.265102],[-0.112064,49.264577],[-0.112179,49.264314],[-0.113497,49.26391],[-0.113708,49.263911],[-0.114164,49.264036],[-0.114646,49.264257],[-0.114895,49.264415],[-0.115169,49.264681],[-0.115414,49.264974],[-0.115655,49.265321],[-0.116285,49.266465],[-0.116694,49.26732],[-0.116793,49.267578],[-0.117077,49.267674],[-0.11744,49.267744],[-0.117927,49.267728],[-0.11832,49.267656],[-0.11869,49.267337],[-0.118747,49.267219],[-0.118884,49.266737],[-0.118971,49.266215],[-0.119112,49.265753],[-0.119413,49.26522],[-0.11985,49.264624],[-0.120024,49.264423],[-0.120233,49.26406],[-0.120189,49.263826],[-0.120027,49.263516],[-0.119725,49.263398],[-0.117977,49.263247],[-0.116926,49.263129],[-0.115777,49.262934],[-0.115058,49.262748],[-0.114363,49.262526],[-0.113864,49.262186],[-0.113695,49.26195],[-0.11338,49.261961],[-0.113257,49.261549],[-0.113068,49.261001],[-0.112751,49.26028],[-0.112483,49.259733],[-0.112221,49.259327],[-0.111895,49.258965],[-0.11142,49.258555],[-0.111108,49.258211],[-0.110884,49.257742],[-0.110879,49.257403],[-0.109867,49.25744],[-0.108355,49.257536],[-0.107497,49.257578],[-0.105761,49.257696],[-0.105039,49.257751],[-0.104753,49.257789],[-0.103672,49.257879],[-0.103416,49.257878],[-0.102533,49.257955],[-0.101255,49.258027],[-0.100442,49.258092],[-0.099507,49.258179],[-0.097037,49.25835],[-0.096472,49.258354],[-0.095764,49.258325],[-0.095425,49.258338],[-0.09432,49.258458],[-0.093605,49.258512],[-0.092017,49.258602],[-0.091488,49.258611],[-0.090886,49.258541],[-0.09033,49.258438],[-0.089255,49.258297],[-0.088711,49.258194],[-0.087697,49.25797],[-0.086834,49.257731],[-0.085857,49.257425],[-0.085176,49.257153],[-0.084538,49.256948],[-0.083677,49.25663],[-0.083769,49.25647],[-0.084081,49.256219],[-0.084984,49.255785],[-0.085185,49.255653],[-0.085321,49.255421],[-0.085337,49.255198],[-0.085222,49.25496],[-0.084865,49.254533],[-0.084725,49.254599],[-0.084191,49.254682],[-0.081155,49.255211],[-0.080977,49.255427],[-0.080614,49.255975],[-0.080598,49.25628],[-0.079026,49.256462],[-0.078322,49.256467],[-0.077486,49.256407],[-0.07739,49.256189],[-0.076037,49.255696],[-0.074165,49.254439],[-0.074157,49.254107],[-0.074543,49.254089],[-0.074936,49.254033],[-0.075727,49.253839],[-0.076058,49.253718],[-0.076276,49.253601],[-0.07615,49.253415],[-0.076113,49.253235],[-0.076138,49.252982],[-0.076302,49.252956],[-0.076922,49.253027],[-0.077217,49.253087],[-0.077059,49.252859],[-0.076816,49.252718],[-0.076642,49.252552],[-0.076541,49.252325],[-0.076509,49.252257],[-0.07613,49.25188],[-0.076067,49.25177],[-0.075728,49.251604],[-0.075447,49.251425],[-0.075056,49.251312],[-0.07442,49.251004],[-0.074634,49.250641],[-0.074149,49.250611],[-0.073224,49.250575],[-0.073008,49.250579],[-0.072473,49.250685],[-0.071694,49.250952]]]}},{"type":"Feature","properties":{"insee":"14499","nom":"Petiville"},"geometry":{"type":"Polygon","coordinates":[[[-0.183599,49.247367],[-0.184352,49.247182],[-0.184638,49.247099],[-0.185369,49.246785],[-0.186313,49.246176],[-0.185639,49.245788],[-0.185508,49.245878],[-0.184422,49.245332],[-0.183405,49.244835],[-0.184089,49.244157],[-0.184896,49.24332],[-0.186065,49.24205],[-0.186564,49.241578],[-0.187483,49.240779],[-0.188191,49.240129],[-0.186544,49.239604],[-0.186011,49.239166],[-0.18617,49.23854],[-0.184948,49.238419],[-0.184964,49.238361],[-0.184355,49.238283],[-0.183969,49.238335],[-0.182419,49.23918],[-0.181748,49.239012],[-0.178192,49.238287],[-0.178954,49.237421],[-0.179294,49.236891],[-0.178387,49.236448],[-0.177531,49.236003],[-0.177065,49.235827],[-0.176518,49.236508],[-0.176068,49.236964],[-0.175751,49.23722],[-0.175291,49.237401],[-0.174987,49.237549],[-0.174823,49.237594],[-0.173633,49.236961],[-0.172677,49.236428],[-0.17133,49.235708],[-0.166752,49.23347],[-0.165674,49.232938],[-0.164959,49.232612],[-0.164428,49.233209],[-0.163301,49.234442],[-0.162634,49.235196],[-0.160791,49.237233],[-0.159984,49.238136],[-0.159824,49.238467],[-0.159557,49.239496],[-0.159391,49.24001],[-0.158988,49.241092],[-0.158117,49.24089],[-0.157755,49.240829],[-0.157244,49.240822],[-0.156781,49.240839],[-0.155984,49.240928],[-0.155561,49.24093],[-0.154689,49.240698],[-0.154503,49.240691],[-0.153729,49.240764],[-0.153055,49.240766],[-0.152555,49.240634],[-0.151986,49.240554],[-0.151885,49.240678],[-0.151823,49.240886],[-0.151596,49.241096],[-0.151131,49.241323],[-0.150895,49.241464],[-0.15066,49.241701],[-0.150734,49.241821],[-0.15069,49.242441],[-0.150717,49.242589],[-0.150331,49.242688],[-0.149544,49.242631],[-0.149423,49.24303],[-0.150175,49.243245],[-0.150867,49.243403],[-0.151725,49.243483],[-0.152227,49.243566],[-0.152624,49.243667],[-0.153848,49.243691],[-0.154332,49.243735],[-0.154763,49.243803],[-0.15489,49.243853],[-0.154358,49.244463],[-0.15408,49.244807],[-0.154045,49.244912],[-0.154088,49.245255],[-0.153941,49.245365],[-0.153658,49.245463],[-0.153358,49.24549],[-0.153193,49.246194],[-0.153557,49.246297],[-0.153944,49.246291],[-0.154198,49.246263],[-0.154256,49.246321],[-0.154204,49.246461],[-0.153777,49.247227],[-0.154119,49.247384],[-0.154636,49.24714],[-0.155511,49.246594],[-0.155812,49.246371],[-0.155882,49.246047],[-0.156123,49.245797],[-0.156418,49.245712],[-0.157112,49.245692],[-0.157055,49.245816],[-0.157152,49.246481],[-0.157276,49.246708],[-0.157363,49.246945],[-0.157419,49.247297],[-0.157373,49.247627],[-0.157165,49.247985],[-0.156927,49.248269],[-0.156791,49.248536],[-0.15675,49.248743],[-0.156622,49.249061],[-0.157228,49.24923],[-0.158725,49.249623],[-0.158999,49.24968],[-0.159496,49.24974],[-0.159949,49.249746],[-0.160113,49.249666],[-0.161699,49.249684],[-0.161696,49.249844],[-0.164004,49.249734],[-0.163965,49.249309],[-0.165878,49.249183],[-0.166832,49.249125],[-0.167328,49.249077],[-0.168599,49.248981],[-0.169819,49.248858],[-0.169839,49.248229],[-0.169868,49.248048],[-0.173373,49.248283],[-0.173386,49.248154],[-0.17557,49.248272],[-0.175465,49.247723],[-0.177723,49.247887],[-0.17837,49.247572],[-0.18058,49.24655],[-0.183535,49.247221],[-0.183599,49.247367]]]}},{"type":"Feature","properties":{"insee":"14524","nom":"Putot-en-Auge"},"geometry":{"type":"Polygon","coordinates":[[[-0.083885,49.202561],[-0.083356,49.202572],[-0.082747,49.202611],[-0.082113,49.202702],[-0.081375,49.202643],[-0.080463,49.202525],[-0.079203,49.202417],[-0.078512,49.202395],[-0.077305,49.202323],[-0.075801,49.202244],[-0.075534,49.202193],[-0.074972,49.202198],[-0.074057,49.202142],[-0.07354,49.202088],[-0.073588,49.201924],[-0.0736,49.2013],[-0.073677,49.201045],[-0.073598,49.200841],[-0.07233,49.2006],[-0.071843,49.200519],[-0.071588,49.200499],[-0.071455,49.200299],[-0.071318,49.199842],[-0.071049,49.199418],[-0.071114,49.198881],[-0.07121,49.198785],[-0.070853,49.198802],[-0.070213,49.198862],[-0.069322,49.19901],[-0.068756,49.199081],[-0.067662,49.199237],[-0.067631,49.199387],[-0.067753,49.199641],[-0.067531,49.199785],[-0.0674,49.19992],[-0.06686,49.200092],[-0.066241,49.200196],[-0.065979,49.200262],[-0.065492,49.200335],[-0.065229,49.200351],[-0.064965,49.200578],[-0.06465,49.200918],[-0.064505,49.201038],[-0.064031,49.201236],[-0.063723,49.201402],[-0.06332,49.201685],[-0.063154,49.201847],[-0.063107,49.202008],[-0.062846,49.202181],[-0.059166,49.202209],[-0.058679,49.202167],[-0.056114,49.202229],[-0.055925,49.202245],[-0.056087,49.20248],[-0.055374,49.202464],[-0.055297,49.202347],[-0.054785,49.202444],[-0.054269,49.202561],[-0.053735,49.202704],[-0.053359,49.202176],[-0.05211,49.202558],[-0.052121,49.202655],[-0.051891,49.203123],[-0.051377,49.203137],[-0.050497,49.20363],[-0.050319,49.203848],[-0.049874,49.204327],[-0.049602,49.204487],[-0.049333,49.204569],[-0.048855,49.20466],[-0.0489,49.204811],[-0.047724,49.205441],[-0.047008,49.205796],[-0.046128,49.20621],[-0.045752,49.206414],[-0.045039,49.206867],[-0.044554,49.207071],[-0.04431,49.207081],[-0.044021,49.206955],[-0.043806,49.206919],[-0.043561,49.206932],[-0.043142,49.207037],[-0.042759,49.207165],[-0.041868,49.207211],[-0.040553,49.207249],[-0.041005,49.208642],[-0.0412,49.209438],[-0.042016,49.209329],[-0.04316,49.20929],[-0.044038,49.209272],[-0.044999,49.209334],[-0.045238,49.209408],[-0.045526,49.209353],[-0.046097,49.209415],[-0.046402,49.209421],[-0.046671,49.209309],[-0.048719,49.209406],[-0.048729,49.209664],[-0.048714,49.210644],[-0.048654,49.211026],[-0.048721,49.211706],[-0.048864,49.212543],[-0.048922,49.213575],[-0.048848,49.213738],[-0.048308,49.214298],[-0.047319,49.219857],[-0.047586,49.219886],[-0.048098,49.219772],[-0.048531,49.219632],[-0.048641,49.219759],[-0.049075,49.220048],[-0.049313,49.220179],[-0.049519,49.220339],[-0.049662,49.220291],[-0.050111,49.22032],[-0.050556,49.220458],[-0.050812,49.2206],[-0.051128,49.220865],[-0.05138,49.221023],[-0.05158,49.221184],[-0.051774,49.221027],[-0.054496,49.222826],[-0.055795,49.222789],[-0.055951,49.224033],[-0.055916,49.224373],[-0.055958,49.224485],[-0.056045,49.225071],[-0.056275,49.225467],[-0.056169,49.225499],[-0.055741,49.225751],[-0.055414,49.225995],[-0.054695,49.226567],[-0.054244,49.226974],[-0.053996,49.227103],[-0.054529,49.227306],[-0.055358,49.227881],[-0.055558,49.227819],[-0.056765,49.227457],[-0.059431,49.22663],[-0.061553,49.225988],[-0.062339,49.22578],[-0.064931,49.225207],[-0.066783,49.224821],[-0.068544,49.224448],[-0.069908,49.224142],[-0.07158,49.22376],[-0.073416,49.223361],[-0.075614,49.222904],[-0.076332,49.222761],[-0.077127,49.222588],[-0.07822,49.222361],[-0.079173,49.222149],[-0.08041,49.221881],[-0.0809,49.221755],[-0.084112,49.221026],[-0.089793,49.219786],[-0.089698,49.219666],[-0.089026,49.218949],[-0.088841,49.218874],[-0.088474,49.218771],[-0.088315,49.218758],[-0.087613,49.218635],[-0.086907,49.218597],[-0.086424,49.218535],[-0.085951,49.21845],[-0.085491,49.21831],[-0.085437,49.218053],[-0.085213,49.216787],[-0.085005,49.215666],[-0.084819,49.215218],[-0.084689,49.215253],[-0.084757,49.215005],[-0.084743,49.214797],[-0.08477,49.214036],[-0.084801,49.2128],[-0.084839,49.21173],[-0.084989,49.210597],[-0.084734,49.210573],[-0.083488,49.21062],[-0.083424,49.210562],[-0.083252,49.210161],[-0.082909,49.209779],[-0.082842,49.209272],[-0.082687,49.209182],[-0.082202,49.209091],[-0.08211,49.208905],[-0.082313,49.208557],[-0.082616,49.208449],[-0.082585,49.208364],[-0.082191,49.206565],[-0.083978,49.206252],[-0.084017,49.206154],[-0.084091,49.205002],[-0.084285,49.202702],[-0.08429,49.202575],[-0.083885,49.202561]]]}},{"type":"Feature","properties":{"insee":"14530","nom":"Ranville"},"geometry":{"type":"Polygon","coordinates":[[[-0.232935,49.23856],[-0.233145,49.23869],[-0.233793,49.239041],[-0.234472,49.239282],[-0.236297,49.239957],[-0.237386,49.240172],[-0.238372,49.2404],[-0.239662,49.240725],[-0.240654,49.240922],[-0.240735,49.240839],[-0.241736,49.240923],[-0.244725,49.241462],[-0.245054,49.240873],[-0.246976,49.241329],[-0.249776,49.241795],[-0.253291,49.242231],[-0.253297,49.242323],[-0.25736,49.243078],[-0.257684,49.243187],[-0.257845,49.24327],[-0.25859,49.243555],[-0.259265,49.243875],[-0.261032,49.244693],[-0.262436,49.245378],[-0.26197,49.245816],[-0.262683,49.246162],[-0.263631,49.246562],[-0.266612,49.247834],[-0.269487,49.248865],[-0.270187,49.248034],[-0.270313,49.24778],[-0.270826,49.247067],[-0.271232,49.246429],[-0.271521,49.246153],[-0.27202,49.245208],[-0.272291,49.244311],[-0.272491,49.243745],[-0.272825,49.242563],[-0.272794,49.242077],[-0.272962,49.241494],[-0.272982,49.240146],[-0.272928,49.238975],[-0.272742,49.236984],[-0.272725,49.234698],[-0.272819,49.233854],[-0.272907,49.233322],[-0.273018,49.233096],[-0.273965,49.232066],[-0.275077,49.231112],[-0.27634,49.229802],[-0.277669,49.228677],[-0.278478,49.227898],[-0.278842,49.227296],[-0.279009,49.226957],[-0.279785,49.225032],[-0.280267,49.224023],[-0.280619,49.223665],[-0.281536,49.223104],[-0.285304,49.221158],[-0.286504,49.22051],[-0.28722,49.220007],[-0.287971,49.219452],[-0.288536,49.219088],[-0.289608,49.218519],[-0.290147,49.218286],[-0.290664,49.218017],[-0.291452,49.217589],[-0.292227,49.217121],[-0.292682,49.216907],[-0.293112,49.216629],[-0.293304,49.216465],[-0.293741,49.215693],[-0.293835,49.215419],[-0.294087,49.214824],[-0.294528,49.214193],[-0.295165,49.213373],[-0.295297,49.21308],[-0.295374,49.212748],[-0.295584,49.212292],[-0.295693,49.211984],[-0.295784,49.211877],[-0.293231,49.210802],[-0.293135,49.210767],[-0.292018,49.210255],[-0.289557,49.20907],[-0.287654,49.208179],[-0.285085,49.206628],[-0.284991,49.206562],[-0.28173,49.2102],[-0.281358,49.210544],[-0.281045,49.210793],[-0.28033,49.211321],[-0.279955,49.211619],[-0.279486,49.212061],[-0.279071,49.212561],[-0.278786,49.213017],[-0.277594,49.21512],[-0.276862,49.216345],[-0.276258,49.217232],[-0.275532,49.218171],[-0.27399,49.217876],[-0.272932,49.21759],[-0.271867,49.217189],[-0.271185,49.217579],[-0.270333,49.217272],[-0.26983,49.217177],[-0.268145,49.21688],[-0.267591,49.218231],[-0.266273,49.218038],[-0.266074,49.218681],[-0.26526,49.218502],[-0.265175,49.218628],[-0.264678,49.218467],[-0.263367,49.217924],[-0.2629,49.218296],[-0.26204,49.218841],[-0.26158,49.219086],[-0.259472,49.21729],[-0.258774,49.217654],[-0.258398,49.217836],[-0.257872,49.218043],[-0.256972,49.21857],[-0.256149,49.219148],[-0.255563,49.219486],[-0.255084,49.219777],[-0.254539,49.220089],[-0.253803,49.220597],[-0.25303,49.221164],[-0.252247,49.221772],[-0.251634,49.222342],[-0.251338,49.222634],[-0.251107,49.222933],[-0.250617,49.223485],[-0.250336,49.223986],[-0.250054,49.224813],[-0.249234,49.224593],[-0.249036,49.224502],[-0.248419,49.224389],[-0.247844,49.224266],[-0.247916,49.224523],[-0.248074,49.224687],[-0.24813,49.224855],[-0.248115,49.225164],[-0.248001,49.225373],[-0.247761,49.225572],[-0.24756,49.225978],[-0.247417,49.226127],[-0.247373,49.226258],[-0.247419,49.226516],[-0.247667,49.226654],[-0.247471,49.226746],[-0.247328,49.226637],[-0.246242,49.226508],[-0.245808,49.226496],[-0.245765,49.226619],[-0.245422,49.227135],[-0.245197,49.227534],[-0.245057,49.227705],[-0.244533,49.228249],[-0.244149,49.228621],[-0.242088,49.2283],[-0.24165,49.228213],[-0.241253,49.228108],[-0.239642,49.227636],[-0.239272,49.227541],[-0.238562,49.2291],[-0.238882,49.229199],[-0.237495,49.231343],[-0.238078,49.231585],[-0.237265,49.23247],[-0.236356,49.233548],[-0.235866,49.234286],[-0.234057,49.237152],[-0.233908,49.237252],[-0.233609,49.237369],[-0.232935,49.23856]]]}},{"type":"Feature","properties":{"insee":"14550","nom":"Rumesnil"},"geometry":{"type":"Polygon","coordinates":[[[0.031166,49.178472],[0.031026,49.178514],[0.02894,49.180407],[0.027774,49.181766],[0.027883,49.181844],[0.028302,49.181823],[0.028515,49.181841],[0.028745,49.181993],[0.028769,49.182141],[0.028713,49.182203],[0.028353,49.182383],[0.028053,49.182467],[0.027998,49.182539],[0.028147,49.182669],[0.028389,49.18272],[0.028497,49.182932],[0.028625,49.182984],[0.029026,49.183018],[0.029378,49.183209],[0.029456,49.183331],[0.029481,49.183631],[0.029742,49.183862],[0.030146,49.184289],[0.030542,49.184489],[0.030902,49.184631],[0.030999,49.184806],[0.031146,49.184808],[0.031372,49.184685],[0.03164,49.184699],[0.032226,49.184584],[0.032443,49.184487],[0.032677,49.184477],[0.033158,49.184712],[0.033349,49.184775],[0.033709,49.184762],[0.033837,49.184715],[0.033857,49.184486],[0.034171,49.184369],[0.034711,49.184365],[0.035303,49.184524],[0.035496,49.184595],[0.035942,49.184816],[0.036143,49.184822],[0.036892,49.184972],[0.037315,49.184956],[0.037535,49.185017],[0.037924,49.185036],[0.038088,49.185068],[0.038307,49.185199],[0.038849,49.185373],[0.039503,49.185429],[0.040018,49.185394],[0.040187,49.185323],[0.040986,49.184901],[0.041384,49.184649],[0.041546,49.184603],[0.042074,49.184576],[0.04263,49.184706],[0.042768,49.18471],[0.043041,49.184607],[0.043942,49.185034],[0.043754,49.185319],[0.043644,49.185692],[0.043581,49.185999],[0.0436,49.186294],[0.043964,49.186665],[0.04409,49.186991],[0.044269,49.187281],[0.044621,49.187587],[0.045224,49.188224],[0.043003,49.189458],[0.041546,49.189835],[0.040637,49.190223],[0.038971,49.190684],[0.036708,49.191589],[0.036924,49.191759],[0.037992,49.192551],[0.038158,49.192661],[0.038475,49.192924],[0.038927,49.193264],[0.039329,49.193591],[0.039829,49.19407],[0.04014,49.194449],[0.040349,49.194661],[0.041015,49.195106],[0.041542,49.195402],[0.042297,49.195857],[0.041375,49.196447],[0.041016,49.1968],[0.041197,49.197343],[0.040435,49.197508],[0.038945,49.198648],[0.037935,49.199438],[0.037496,49.200059],[0.036644,49.200716],[0.035948,49.200927],[0.032382,49.202477],[0.03162,49.202642],[0.030975,49.202944],[0.030762,49.20312],[0.030552,49.203206],[0.028435,49.204514],[0.028028,49.204718],[0.027843,49.204603],[0.02757,49.204539],[0.027475,49.204483],[0.027142,49.204466],[0.026754,49.204411],[0.026327,49.20424],[0.026257,49.204148],[0.026168,49.203752],[0.02598,49.203616],[0.025882,49.203431],[0.025856,49.203283],[0.025766,49.203134],[0.0256,49.203019],[0.025222,49.202843],[0.024974,49.202627],[0.024736,49.202468],[0.024525,49.202372],[0.024381,49.202236],[0.024184,49.201882],[0.023985,49.201759],[0.023957,49.201674],[0.023894,49.201146],[0.023713,49.20089],[0.023391,49.200665],[0.023295,49.200426],[0.023036,49.199913],[0.023012,49.199787],[0.023177,49.19941],[0.02316,49.199246],[0.023241,49.1991],[0.023658,49.198631],[0.023729,49.198499],[0.023892,49.198432],[0.024086,49.198415],[0.024176,49.198339],[0.024173,49.198177],[0.024077,49.197909],[0.023887,49.197856],[0.023705,49.197525],[0.023652,49.197215],[0.023798,49.196918],[0.023783,49.196765],[0.023642,49.196572],[0.023798,49.196421],[0.023939,49.196396],[0.0241,49.196132],[0.024294,49.196128],[0.024412,49.195888],[0.024539,49.195783],[0.024538,49.195561],[0.024639,49.195252],[0.024728,49.19514],[0.024924,49.195113],[0.024846,49.194944],[0.025015,49.194778],[0.025181,49.194423],[0.025163,49.194114],[0.025324,49.193878],[0.025376,49.193633],[0.02553,49.193587],[0.025804,49.193192],[0.026324,49.192852],[0.026471,49.192621],[0.026382,49.192177],[0.026094,49.19196],[0.026056,49.191807],[0.026159,49.191681],[0.026151,49.191551],[0.026094,49.191456],[0.02553,49.191114],[0.025461,49.190987],[0.025528,49.190708],[0.025501,49.19058],[0.025314,49.190436],[0.025079,49.190418],[0.024777,49.190489],[0.024587,49.19043],[0.024398,49.19032],[0.024145,49.190238],[0.023914,49.190128],[0.02375,49.189948],[0.023734,49.189702],[0.023614,49.189206],[0.023589,49.188903],[0.023603,49.188711],[0.02368,49.188424],[0.023665,49.188301],[0.023431,49.188139],[0.022993,49.188045],[0.022727,49.187908],[0.0226,49.187931],[0.022446,49.187713],[0.022251,49.187585],[0.021966,49.187563],[0.021832,49.187732],[0.021552,49.187731],[0.021335,49.187604],[0.021192,49.187664],[0.020974,49.187591],[0.020574,49.187561],[0.020403,49.187482],[0.020153,49.187501],[0.020013,49.187455],[0.019753,49.187474],[0.019671,49.187415],[0.019274,49.187446],[0.019221,49.187295],[0.018964,49.187154],[0.018427,49.187083],[0.018412,49.1869],[0.018299,49.18684],[0.018105,49.186908],[0.017817,49.186713],[0.017654,49.186732],[0.017553,49.186681],[0.017253,49.186625],[0.017117,49.186528],[0.017043,49.186387],[0.016802,49.186285],[0.016664,49.186282],[0.016435,49.186816],[0.015944,49.187032],[0.014136,49.187312],[0.012139,49.187488],[0.011251,49.187427],[0.010301,49.187183],[0.009677,49.187351],[0.00906,49.187339],[0.008867,49.187066],[0.00914,49.185785],[0.008897,49.185739],[0.008723,49.185813],[0.008436,49.185736],[0.008295,49.185746],[0.00831,49.18613],[0.008407,49.187192],[0.00837,49.187426],[0.008345,49.187979],[0.008359,49.188164],[0.007579,49.188254],[0.006277,49.188229],[0.005164,49.188299],[0.005203,49.187644],[0.005263,49.187243],[0.005297,49.186689],[0.005223,49.18567],[0.004719,49.185533],[0.004318,49.185522],[0.003735,49.18564],[0.003381,49.185729],[0.002655,49.185869],[0.002486,49.185872],[0.002173,49.185976],[0.00171,49.186002],[0.001229,49.186068],[0.00098,49.18601],[0.000806,49.186076],[0.000582,49.185994],[0.000376,49.186082],[0.000222,49.186056],[3.3e-05,49.185959],[-0.000346,49.186054],[-0.000746,49.186093],[-0.001005,49.18615],[-0.001324,49.186093],[-0.001823,49.186174],[-0.002322,49.186233],[-0.002658,49.186304],[-0.002809,49.186296],[-0.003007,49.186372],[-0.003143,49.186479],[-0.003701,49.186557],[-0.004402,49.18671],[-0.00483,49.186826],[-0.004911,49.186734],[-0.005046,49.186737],[-0.006248,49.186968],[-0.006595,49.187068],[-0.00679,49.187154],[-0.006845,49.187051],[-0.006878,49.186765],[-0.006861,49.186499],[-0.006768,49.185976],[-0.006635,49.185393],[-0.006552,49.185143],[-0.006504,49.184782],[-0.006445,49.183581],[-0.006398,49.183031],[-0.005957,49.183028],[-0.004749,49.183049],[-0.00428,49.180903],[-0.003955,49.180821],[-0.002705,49.180608],[-0.002618,49.180073],[-0.002451,49.179535],[-0.002308,49.179251],[-0.001622,49.177687],[-0.001511,49.177554],[-0.001039,49.177293],[-0.000494,49.177015],[-0.000204,49.176674],[5.2e-05,49.176328],[0.000473,49.175921],[0.00101,49.176153],[0.001744,49.176617],[0.002522,49.177585],[0.002925,49.177773],[0.003745,49.177834],[0.004678,49.178436],[0.004957,49.178307],[0.00592,49.177744],[0.006123,49.177775],[0.006497,49.177775],[0.006688,49.177822],[0.006875,49.177931],[0.007055,49.177976],[0.00728,49.17798],[0.007517,49.177944],[0.007855,49.177824],[0.008355,49.177903],[0.008616,49.177831],[0.009231,49.177941],[0.00939,49.177951],[0.010075,49.176114],[0.011172,49.176135],[0.011729,49.175922],[0.012143,49.175418],[0.012355,49.175509],[0.014699,49.176264],[0.014954,49.176062],[0.015486,49.175775],[0.016207,49.175313],[0.01684,49.174959],[0.017572,49.174516],[0.017995,49.174299],[0.018409,49.174037],[0.01898,49.173508],[0.02145,49.171938],[0.02194,49.171723],[0.022574,49.171331],[0.023652,49.171756],[0.024359,49.171956],[0.025178,49.172683],[0.025669,49.173155],[0.026212,49.173641],[0.026734,49.174047],[0.027212,49.17434],[0.027794,49.174541],[0.028611,49.174757],[0.028927,49.174884],[0.029496,49.175172],[0.029838,49.175434],[0.030321,49.175862],[0.030134,49.177014],[0.030312,49.177646],[0.031166,49.178472]]]}},{"type":"Feature","properties":{"insee":"14598","nom":"Saint-Jouin"},"geometry":{"type":"Polygon","coordinates":[[[-0.018683,49.207592],[-0.018402,49.207584],[-0.018009,49.207604],[-0.017509,49.207692],[-0.016176,49.207954],[-0.015611,49.20811],[-0.014662,49.208431],[-0.014402,49.208548],[-0.013745,49.208774],[-0.013406,49.208864],[-0.012497,49.209001],[-0.010401,49.209258],[-0.009372,49.209479],[-0.009003,49.209545],[-0.007397,49.209907],[-0.005781,49.21035],[-0.004889,49.210572],[-0.003964,49.210822],[-0.00226,49.211378],[-0.001589,49.211584],[-0.000601,49.211846],[-0.000228,49.211963],[0.000585,49.212284],[0.001032,49.212484],[0.002475,49.213069],[0.003318,49.213433],[0.004008,49.213701],[0.004826,49.213872],[0.005564,49.214042],[0.004716,49.215416],[0.004643,49.215549],[0.006198,49.216029],[0.005629,49.216468],[0.005347,49.216642],[0.00534,49.216821],[0.007064,49.218113],[0.00784,49.219162],[0.008092,49.219662],[0.008624,49.220031],[0.008759,49.220078],[0.008957,49.220262],[0.010087,49.221057],[0.011367,49.221576],[0.011898,49.221992],[0.012077,49.222264],[0.01286,49.222306],[0.012863,49.222548],[0.012762,49.222842],[0.012529,49.223122],[0.012458,49.223329],[0.012488,49.223948],[0.012471,49.224173],[0.012352,49.224301],[0.012333,49.224413],[0.012435,49.224557],[0.012467,49.225008],[0.012443,49.22523],[0.012504,49.225432],[0.01245,49.225756],[0.012347,49.226176],[0.012163,49.226549],[0.011983,49.227169],[0.011954,49.227334],[0.011964,49.227649],[0.011939,49.227978],[0.011682,49.228618],[0.011566,49.228873],[0.011369,49.229091],[0.011274,49.229314],[0.011266,49.229496],[0.011597,49.229755],[0.01191,49.22993],[0.012117,49.22997],[0.01166,49.230248],[0.0112,49.230478],[0.010725,49.230539],[0.010402,49.230561],[0.01005,49.230691],[0.009882,49.230779],[0.009633,49.230999],[0.009397,49.231002],[0.009163,49.231089],[0.008775,49.231094],[0.008468,49.23106],[0.008301,49.23094],[0.008163,49.230645],[0.007795,49.230793],[0.007392,49.231124],[0.006937,49.231259],[0.006142,49.230517],[0.005819,49.229974],[0.005166,49.230347],[0.005094,49.229878],[0.00553,49.22983],[0.005413,49.229399],[0.005407,49.228655],[0.005436,49.228004],[0.005398,49.227696],[0.005531,49.227602],[0.004863,49.226759],[0.004565,49.226878],[0.003989,49.226332],[0.003211,49.225319],[0.00322,49.225178],[0.003943,49.224801],[0.003997,49.224719],[0.003874,49.224404],[0.003523,49.223923],[0.002336,49.222437],[0.001946,49.221921],[0.001826,49.22173],[0.001232,49.221999],[0.000453,49.222389],[0.000146,49.222557],[-0.000808,49.220944],[-0.001718,49.221315],[-0.002307,49.221685],[-0.003583,49.222579],[-0.00418,49.222877],[-0.00517,49.223285],[-0.006176,49.223767],[-0.006754,49.224062],[-0.007978,49.224512],[-0.00847,49.224715],[-0.009148,49.225084],[-0.009792,49.225497],[-0.011716,49.224403],[-0.012062,49.224239],[-0.012521,49.223991],[-0.012809,49.223793],[-0.012781,49.22366],[-0.012612,49.223594],[-0.012399,49.22344],[-0.012193,49.223161],[-0.011675,49.222729],[-0.011542,49.222648],[-0.011253,49.222282],[-0.012083,49.221865],[-0.012401,49.22174],[-0.01251,49.221577],[-0.013024,49.221418],[-0.013467,49.221337],[-0.013645,49.22143],[-0.013908,49.221487],[-0.014103,49.221474],[-0.014421,49.221819],[-0.014983,49.222206],[-0.015217,49.222338],[-0.015757,49.222598],[-0.01538,49.223077],[-0.016131,49.223394],[-0.016544,49.22313],[-0.016766,49.223024],[-0.017731,49.222361],[-0.018383,49.222664],[-0.018737,49.222845],[-0.019357,49.223068],[-0.019923,49.223324],[-0.019473,49.223562],[-0.019225,49.223807],[-0.020312,49.224461],[-0.02251,49.223279],[-0.022836,49.223571],[-0.023714,49.223956],[-0.023807,49.224016],[-0.023967,49.223899],[-0.024196,49.223666],[-0.02436,49.223539],[-0.024434,49.223689],[-0.024624,49.223928],[-0.024845,49.224091],[-0.025387,49.224283],[-0.025765,49.224369],[-0.026531,49.224422],[-0.026863,49.224516],[-0.027112,49.224707],[-0.027333,49.22466],[-0.027432,49.224814],[-0.027699,49.224893],[-0.02807,49.224901],[-0.028128,49.224977],[-0.028122,49.225165],[-0.028463,49.225282],[-0.028749,49.22545],[-0.029154,49.225571],[-0.029268,49.225637],[-0.029609,49.225456],[-0.030556,49.225741],[-0.030765,49.225259],[-0.030961,49.225031],[-0.031192,49.224903],[-0.031488,49.22481],[-0.031923,49.224607],[-0.032193,49.224375],[-0.032454,49.224587],[-0.032792,49.224665],[-0.032904,49.224252],[-0.033177,49.224077],[-0.033171,49.223974],[-0.033072,49.223835],[-0.033262,49.223567],[-0.033721,49.223271],[-0.033692,49.223049],[-0.033687,49.222685],[-0.033707,49.222399],[-0.034241,49.222174],[-0.034299,49.221927],[-0.03427,49.221688],[-0.03464,49.22148],[-0.034624,49.221374],[-0.034742,49.221291],[-0.034825,49.221136],[-0.035044,49.220969],[-0.035363,49.220532],[-0.035728,49.21993],[-0.035761,49.219619],[-0.035496,49.219426],[-0.034888,49.21909],[-0.034801,49.218738],[-0.034967,49.218592],[-0.035147,49.218261],[-0.035138,49.217994],[-0.035309,49.217771],[-0.035472,49.217499],[-0.035525,49.217327],[-0.035509,49.217172],[-0.035418,49.217082],[-0.035012,49.216924],[-0.034874,49.216624],[-0.034624,49.216417],[-0.034604,49.216164],[-0.03465,49.216057],[-0.034852,49.215865],[-0.034869,49.215699],[-0.034813,49.215573],[-0.034546,49.215441],[-0.034344,49.215383],[-0.034123,49.215237],[-0.034029,49.215006],[-0.034023,49.214466],[-0.034038,49.213904],[-0.034008,49.213321],[-0.034425,49.213025],[-0.034659,49.2128],[-0.034989,49.2123],[-0.035135,49.212165],[-0.035198,49.212013],[-0.035233,49.211614],[-0.035507,49.211109],[-0.035673,49.210758],[-0.035928,49.210367],[-0.035633,49.210349],[-0.035006,49.210243],[-0.034326,49.210081],[-0.033658,49.209883],[-0.032891,49.20951],[-0.032259,49.209282],[-0.031679,49.209142],[-0.031025,49.209009],[-0.030771,49.208906],[-0.030513,49.208753],[-0.029896,49.208711],[-0.028897,49.208775],[-0.027294,49.208888],[-0.025984,49.208938],[-0.025695,49.208963],[-0.02485,49.209006],[-0.024413,49.208959],[-0.022612,49.208539],[-0.022145,49.208398],[-0.02134,49.208176],[-0.020195,49.20792],[-0.01959,49.207718],[-0.019289,49.20765],[-0.018683,49.207592]]]}},{"type":"Feature","properties":{"insee":"14606","nom":"Saint-Léger-Dubosq"},"geometry":{"type":"Polygon","coordinates":[[[-0.010514,49.241717],[-0.010666,49.24169],[-0.011125,49.241394],[-0.01141,49.241295],[-0.011486,49.241235],[-0.012785,49.240773],[-0.013356,49.240494],[-0.013614,49.240331],[-0.013698,49.240217],[-0.013729,49.240069],[-0.013692,49.239902],[-0.013593,49.239732],[-0.013331,49.239675],[-0.012965,49.239492],[-0.012678,49.239222],[-0.012533,49.239033],[-0.012493,49.238828],[-0.012505,49.238503],[-0.012554,49.238217],[-0.012624,49.238061],[-0.012967,49.237734],[-0.0133,49.237534],[-0.013581,49.237265],[-0.01361,49.237148],[-0.013361,49.237008],[-0.012784,49.236556],[-0.012595,49.236363],[-0.012447,49.236061],[-0.012418,49.235862],[-0.012477,49.235542],[-0.012604,49.235206],[-0.012871,49.23484],[-0.013071,49.234629],[-0.013413,49.234314],[-0.013545,49.234272],[-0.013698,49.234496],[-0.014275,49.235052],[-0.014548,49.235259],[-0.015274,49.235693],[-0.016115,49.236223],[-0.016175,49.236227],[-0.017591,49.23712],[-0.017958,49.237361],[-0.018102,49.237485],[-0.018611,49.237785],[-0.019042,49.238087],[-0.019368,49.238355],[-0.019205,49.238593],[-0.019186,49.238713],[-0.019939,49.239234],[-0.019999,49.239317],[-0.020165,49.23915],[-0.020976,49.238429],[-0.022244,49.237491],[-0.022459,49.23701],[-0.022794,49.236551],[-0.023087,49.236302],[-0.023313,49.236238],[-0.023382,49.23604],[-0.023394,49.235507],[-0.023478,49.235261],[-0.024824,49.23546],[-0.025099,49.235417],[-0.025582,49.235262],[-0.025766,49.235097],[-0.026121,49.234827],[-0.026199,49.234716],[-0.026457,49.234563],[-0.027163,49.234061],[-0.027186,49.233916],[-0.02752,49.233717],[-0.02774,49.233672],[-0.028325,49.233751],[-0.02896,49.233879],[-0.029345,49.234111],[-0.029718,49.234419],[-0.030002,49.234706],[-0.030277,49.235064],[-0.030564,49.235374],[-0.030851,49.235649],[-0.031134,49.235981],[-0.031351,49.236503],[-0.031549,49.236847],[-0.031669,49.237008],[-0.03221,49.236816],[-0.033108,49.236481],[-0.033438,49.236329],[-0.034338,49.235855],[-0.036583,49.23466],[-0.036904,49.234476],[-0.036823,49.234396],[-0.036855,49.234296],[-0.036677,49.234091],[-0.036453,49.233708],[-0.036434,49.2336],[-0.036314,49.233428],[-0.036218,49.232914],[-0.036278,49.232615],[-0.036275,49.232331],[-0.036223,49.232161],[-0.036266,49.231907],[-0.036252,49.231667],[-0.036168,49.231511],[-0.036183,49.231394],[-0.036281,49.231277],[-0.036277,49.231138],[-0.036158,49.231028],[-0.036071,49.230833],[-0.036089,49.230647],[-0.035905,49.230532],[-0.036067,49.230342],[-0.035973,49.230086],[-0.035652,49.229789],[-0.035614,49.229685],[-0.035372,49.229396],[-0.034786,49.229011],[-0.034561,49.228826],[-0.034433,49.228565],[-0.034129,49.228407],[-0.03386,49.228414],[-0.033719,49.228354],[-0.033537,49.227917],[-0.033392,49.227838],[-0.033119,49.227839],[-0.03302,49.227734],[-0.032949,49.227519],[-0.032774,49.22738],[-0.032598,49.22716],[-0.032443,49.227045],[-0.032365,49.226889],[-0.032374,49.226671],[-0.032578,49.226466],[-0.032718,49.226257],[-0.032705,49.226083],[-0.032873,49.22573],[-0.032869,49.225511],[-0.032805,49.225051],[-0.032792,49.224665],[-0.032454,49.224587],[-0.032193,49.224375],[-0.031923,49.224607],[-0.031488,49.22481],[-0.031192,49.224903],[-0.030961,49.225031],[-0.030765,49.225259],[-0.030556,49.225741],[-0.029609,49.225456],[-0.029268,49.225637],[-0.029154,49.225571],[-0.028749,49.22545],[-0.028463,49.225282],[-0.028122,49.225165],[-0.028128,49.224977],[-0.02807,49.224901],[-0.027699,49.224893],[-0.027432,49.224814],[-0.027333,49.22466],[-0.027112,49.224707],[-0.026863,49.224516],[-0.026531,49.224422],[-0.025765,49.224369],[-0.025387,49.224283],[-0.024845,49.224091],[-0.024624,49.223928],[-0.024434,49.223689],[-0.02436,49.223539],[-0.024196,49.223666],[-0.023967,49.223899],[-0.023807,49.224016],[-0.023714,49.223956],[-0.022836,49.223571],[-0.02251,49.223279],[-0.020312,49.224461],[-0.019225,49.223807],[-0.019473,49.223562],[-0.019923,49.223324],[-0.019357,49.223068],[-0.018737,49.222845],[-0.018383,49.222664],[-0.017731,49.222361],[-0.016766,49.223024],[-0.016544,49.22313],[-0.016131,49.223394],[-0.01538,49.223077],[-0.015757,49.222598],[-0.015217,49.222338],[-0.014983,49.222206],[-0.014421,49.221819],[-0.014103,49.221474],[-0.013908,49.221487],[-0.013645,49.22143],[-0.013467,49.221337],[-0.013024,49.221418],[-0.01251,49.221577],[-0.012401,49.22174],[-0.012083,49.221865],[-0.011253,49.222282],[-0.011542,49.222648],[-0.011675,49.222729],[-0.012193,49.223161],[-0.012399,49.22344],[-0.012612,49.223594],[-0.012781,49.22366],[-0.012809,49.223793],[-0.012521,49.223991],[-0.012062,49.224239],[-0.011716,49.224403],[-0.009792,49.225497],[-0.009148,49.225084],[-0.00847,49.224715],[-0.007978,49.224512],[-0.006754,49.224062],[-0.006176,49.223767],[-0.00517,49.223285],[-0.00418,49.222877],[-0.003583,49.222579],[-0.002307,49.221685],[-0.001718,49.221315],[-0.000808,49.220944],[0.000146,49.222557],[0.000453,49.222389],[0.001232,49.221999],[0.001826,49.22173],[0.001946,49.221921],[0.002336,49.222437],[0.003523,49.223923],[0.003874,49.224404],[0.003997,49.224719],[0.003943,49.224801],[0.00322,49.225178],[0.003211,49.225319],[0.003989,49.226332],[0.004565,49.226878],[0.004863,49.226759],[0.005531,49.227602],[0.005398,49.227696],[0.005436,49.228004],[0.005407,49.228655],[0.005413,49.229399],[0.00553,49.22983],[0.005094,49.229878],[0.005166,49.230347],[0.005819,49.229974],[0.006142,49.230517],[0.006937,49.231259],[0.007392,49.231124],[0.007795,49.230793],[0.008163,49.230645],[0.008301,49.23094],[0.008468,49.23106],[0.008168,49.231053],[0.00823,49.231219],[0.007588,49.231342],[0.007523,49.231398],[0.007086,49.231594],[0.006827,49.231733],[0.006522,49.231838],[0.006398,49.231913],[0.006088,49.231959],[0.00565,49.232216],[0.005479,49.232501],[0.004959,49.232761],[0.004784,49.23291],[0.004241,49.233166],[0.004153,49.233355],[0.003892,49.233524],[0.003721,49.233476],[0.003359,49.233466],[0.003254,49.233493],[0.002916,49.233298],[0.002787,49.233445],[0.002612,49.233497],[0.002525,49.233607],[0.002356,49.233624],[0.002086,49.233561],[0.001906,49.233647],[0.001643,49.233654],[0.001262,49.23373],[0.000948,49.233716],[0.000799,49.233795],[0.000541,49.233862],[0.000522,49.233941],[0.000275,49.234087],[0.000197,49.233975],[-3.7e-05,49.233993],[-5.2e-05,49.234137],[-0.000416,49.234146],[-0.000683,49.234264],[-0.001117,49.234246],[-0.001356,49.234309],[-0.001831,49.234335],[-0.002046,49.234474],[-0.002672,49.2345],[-0.002893,49.234618],[-0.003135,49.234682],[-0.00327,49.234808],[-0.003487,49.234836],[-0.004036,49.234975],[-0.004459,49.235223],[-0.004736,49.235268],[-0.00494,49.235226],[-0.005341,49.235312],[-0.005569,49.235478],[-0.005739,49.235756],[-0.005849,49.236136],[-0.00587,49.23629],[-0.005946,49.236411],[-0.006012,49.236668],[-0.006329,49.236857],[-0.006517,49.23718],[-0.006828,49.237259],[-0.007044,49.237402],[-0.007174,49.237811],[-0.007426,49.237954],[-0.007443,49.238033],[-0.007659,49.238112],[-0.007831,49.238405],[-0.008131,49.238478],[-0.008144,49.238625],[-0.008261,49.238705],[-0.0084,49.238715],[-0.008465,49.238817],[-0.008622,49.238902],[-0.008803,49.238923],[-0.00895,49.239039],[-0.008798,49.239317],[-0.008835,49.239497],[-0.008806,49.239666],[-0.008688,49.239693],[-0.008571,49.239824],[-0.008565,49.240049],[-0.008599,49.240237],[-0.008727,49.240447],[-0.008801,49.240659],[-0.008637,49.240844],[-0.008686,49.240934],[-0.008891,49.241051],[-0.009148,49.240943],[-0.009444,49.240879],[-0.009666,49.240891],[-0.009697,49.241203],[-0.010204,49.241309],[-0.010287,49.241356],[-0.010218,49.2415],[-0.010299,49.241607],[-0.010514,49.241717]]]}},{"type":"Feature","properties":{"insee":"14657","nom":"Saint-Samson"},"geometry":{"type":"Polygon","coordinates":[[[-0.139209,49.181885],[-0.140031,49.183837],[-0.140847,49.185727],[-0.139621,49.18588],[-0.139642,49.185935],[-0.1376,49.186235],[-0.136893,49.186373],[-0.133008,49.187361],[-0.133291,49.187672],[-0.134502,49.189063],[-0.136054,49.190888],[-0.136875,49.190933],[-0.137202,49.190923],[-0.137642,49.190864],[-0.137749,49.191183],[-0.137907,49.191512],[-0.13826,49.192116],[-0.138407,49.192449],[-0.138418,49.19279],[-0.138545,49.193254],[-0.138775,49.194223],[-0.138929,49.19445],[-0.140283,49.19436],[-0.140727,49.194663],[-0.140665,49.194936],[-0.140305,49.196353],[-0.141612,49.196643],[-0.142912,49.196899],[-0.143424,49.197077],[-0.143672,49.19714],[-0.14408,49.1972],[-0.144584,49.197338],[-0.144844,49.197153],[-0.145121,49.196896],[-0.145527,49.196639],[-0.145979,49.196465],[-0.146513,49.196228],[-0.146857,49.196298],[-0.147012,49.196035],[-0.147363,49.195757],[-0.149211,49.195931],[-0.149223,49.19601],[-0.149694,49.196008],[-0.152111,49.196261],[-0.15283,49.196328],[-0.152643,49.196971],[-0.152517,49.197678],[-0.152461,49.197818],[-0.152269,49.198027],[-0.153059,49.198221],[-0.153726,49.198398],[-0.154048,49.198418],[-0.154006,49.198573],[-0.153586,49.199242],[-0.153176,49.19948],[-0.152758,49.199885],[-0.152596,49.200098],[-0.152508,49.200324],[-0.152335,49.200619],[-0.152324,49.200824],[-0.152038,49.201353],[-0.162502,49.199894],[-0.167958,49.199131],[-0.170586,49.198766],[-0.170612,49.198458],[-0.170437,49.198128],[-0.170135,49.197824],[-0.169694,49.197494],[-0.169527,49.197397],[-0.168764,49.197049],[-0.168385,49.196846],[-0.16804,49.196593],[-0.167705,49.196279],[-0.167422,49.195974],[-0.167114,49.195742],[-0.166954,49.195675],[-0.166553,49.195635],[-0.166264,49.195527],[-0.166202,49.19534],[-0.166285,49.195209],[-0.166933,49.194691],[-0.166958,49.19447],[-0.166751,49.1944],[-0.166445,49.194342],[-0.165692,49.194248],[-0.165097,49.194201],[-0.164493,49.194058],[-0.164163,49.193925],[-0.163754,49.193652],[-0.163433,49.193502],[-0.163125,49.193488],[-0.162601,49.193615],[-0.162377,49.193582],[-0.161537,49.193144],[-0.161452,49.192983],[-0.16163,49.192642],[-0.162063,49.192147],[-0.162382,49.191939],[-0.162922,49.191675],[-0.163098,49.191565],[-0.1633,49.191344],[-0.163667,49.190838],[-0.163836,49.190531],[-0.164066,49.189927],[-0.164173,49.189544],[-0.164195,49.189343],[-0.164161,49.189056],[-0.164015,49.188764],[-0.163877,49.188568],[-0.163607,49.188282],[-0.163548,49.188152],[-0.163559,49.187991],[-0.163663,49.187712],[-0.163951,49.187216],[-0.164212,49.186827],[-0.164558,49.186269],[-0.164701,49.185958],[-0.164719,49.185759],[-0.164701,49.185464],[-0.164539,49.185004],[-0.164298,49.184442],[-0.164103,49.184122],[-0.163755,49.183679],[-0.163646,49.183376],[-0.163579,49.182649],[-0.163436,49.182239],[-0.1633,49.181981],[-0.163171,49.181845],[-0.162795,49.181598],[-0.162079,49.18125],[-0.161724,49.181148],[-0.161095,49.181008],[-0.160712,49.180939],[-0.159629,49.180673],[-0.159358,49.180687],[-0.159161,49.180764],[-0.158459,49.181126],[-0.158043,49.181279],[-0.15702,49.181543],[-0.156474,49.181645],[-0.155821,49.18169],[-0.154656,49.181713],[-0.153831,49.181768],[-0.153555,49.181762],[-0.153057,49.181703],[-0.15244,49.181589],[-0.151823,49.181538],[-0.151094,49.18153],[-0.148754,49.181544],[-0.148389,49.181569],[-0.147547,49.181688],[-0.147145,49.181647],[-0.146279,49.181508],[-0.145024,49.181228],[-0.144653,49.181177],[-0.144075,49.181228],[-0.143585,49.181319],[-0.142593,49.181564],[-0.141909,49.181808],[-0.141378,49.181966],[-0.141131,49.181949],[-0.140922,49.181891],[-0.140513,49.181843],[-0.139478,49.181851],[-0.139209,49.181885]]]}},{"type":"Feature","properties":{"insee":"14660","nom":"Saint-Vaast-en-Auge"},"geometry":{"type":"Polygon","coordinates":[[[0.004586,49.279631],[0.005088,49.280193],[0.006318,49.281209],[0.007507,49.282144],[0.008089,49.282007],[0.008588,49.282345],[0.009231,49.282658],[0.010371,49.283029],[0.011374,49.283604],[0.011778,49.283876],[0.011889,49.283848],[0.014197,49.283162],[0.014408,49.283121],[0.014836,49.283831],[0.014912,49.283984],[0.01535,49.284236],[0.015054,49.284339],[0.015712,49.285167],[0.016821,49.286634],[0.01739,49.287369],[0.017663,49.28755],[0.018971,49.288283],[0.018938,49.288951],[0.018958,49.289272],[0.018788,49.28954],[0.018872,49.28961],[0.020272,49.291074],[0.020405,49.291146],[0.020105,49.291304],[0.019148,49.291621],[0.018535,49.291908],[0.018041,49.291949],[0.017491,49.291876],[0.017321,49.29214],[0.016633,49.291851],[0.01585,49.291393],[0.015456,49.291209],[0.01518,49.29094],[0.015076,49.290762],[0.014908,49.290592],[0.014247,49.290361],[0.01359,49.290155],[0.01329,49.290333],[0.012723,49.290786],[0.013064,49.29115],[0.012308,49.291675],[0.011995,49.291926],[0.011641,49.292297],[0.011486,49.292263],[0.01139,49.292329],[0.011205,49.292329],[0.011127,49.292464],[0.010942,49.292439],[0.010708,49.292954],[0.010696,49.293076],[0.009982,49.293158],[0.009403,49.293507],[0.00821,49.294067],[0.007307,49.294274],[0.006329,49.294678],[0.006071,49.2948],[0.005789,49.295265],[0.005759,49.295611],[0.005991,49.296044],[0.006006,49.296144],[0.006129,49.296367],[0.005801,49.297022],[0.005657,49.297245],[0.005356,49.297514],[0.005155,49.297646],[0.004953,49.297835],[0.004612,49.297948],[0.004251,49.298178],[0.004204,49.298372],[0.004047,49.298368],[0.003791,49.298763],[0.003085,49.299267],[0.002708,49.299564],[0.002475,49.299786],[0.001543,49.300848],[0.000952,49.301365],[0.000398,49.301775],[0.000483,49.301903],[0.000204,49.302063],[8.6e-05,49.302272],[-0.000241,49.302187],[-0.000441,49.30182],[-0.000521,49.301572],[-0.000669,49.301525],[-0.001127,49.301485],[-0.001304,49.301302],[-0.001739,49.301497],[-0.002644,49.301461],[-0.003446,49.301478],[-0.004619,49.301446],[-0.005038,49.301423],[-0.005545,49.301362],[-0.005996,49.301256],[-0.006288,49.301167],[-0.006705,49.301005],[-0.007221,49.300842],[-0.008145,49.300501],[-0.008555,49.30037],[-0.008906,49.300216],[-0.009121,49.298959],[-0.008901,49.298877],[-0.009394,49.297528],[-0.009744,49.296674],[-0.009812,49.296121],[-0.009869,49.295967],[-0.010141,49.295608],[-0.010361,49.29537],[-0.010107,49.295255],[-0.010234,49.295214],[-0.010451,49.294971],[-0.01077,49.294761],[-0.011114,49.294575],[-0.011689,49.294322],[-0.011867,49.294263],[-0.011031,49.293161],[-0.010804,49.292935],[-0.010357,49.292593],[-0.009834,49.292226],[-0.009251,49.291847],[-0.008755,49.291461],[-0.008332,49.29102],[-0.008002,49.290591],[-0.00702,49.289173],[-0.006914,49.288969],[-0.006796,49.288529],[-0.006488,49.287726],[-0.006282,49.287277],[-0.006153,49.287049],[-0.005952,49.286765],[-0.005359,49.285993],[-0.004893,49.285618],[-0.004157,49.285081],[-0.003837,49.2847],[-0.003586,49.284288],[-0.003276,49.283712],[-0.003201,49.283456],[-0.003071,49.283285],[-0.002618,49.282944],[-0.002188,49.282661],[-0.001709,49.282397],[-0.000978,49.282046],[-0.000374,49.281771],[0.000202,49.281502],[0.000718,49.281338],[0.001559,49.28108],[0.002024,49.280921],[0.002583,49.280683],[0.003306,49.28031],[0.004586,49.279631]]]}},{"type":"Feature","properties":{"insee":"14665","nom":"Sallenelles"},"geometry":{"type":"Polygon","coordinates":[[[-0.224452,49.255605],[-0.224409,49.255988],[-0.22423,49.25649],[-0.224196,49.256716],[-0.224723,49.256749],[-0.224404,49.256878],[-0.224143,49.257082],[-0.223739,49.25761],[-0.222719,49.259105],[-0.222469,49.259434],[-0.222214,49.259876],[-0.221854,49.260858],[-0.221832,49.261077],[-0.221871,49.261274],[-0.221816,49.261646],[-0.221812,49.262344],[-0.221795,49.26289],[-0.221837,49.263221],[-0.221924,49.263536],[-0.22217,49.264033],[-0.22252,49.264638],[-0.223113,49.265602],[-0.225455,49.267853],[-0.225921,49.267726],[-0.226835,49.267559],[-0.227347,49.267453],[-0.22759,49.267383],[-0.228276,49.267119],[-0.228785,49.266883],[-0.229035,49.266737],[-0.22927,49.266461],[-0.229705,49.2661],[-0.22989,49.266025],[-0.230075,49.266011],[-0.230313,49.266039],[-0.230452,49.265889],[-0.230525,49.265706],[-0.230894,49.265348],[-0.230983,49.265203],[-0.230953,49.265058],[-0.231041,49.2649],[-0.231271,49.264779],[-0.231319,49.264689],[-0.231781,49.264649],[-0.23192,49.264701],[-0.232408,49.264678],[-0.232494,49.264626],[-0.232826,49.264581],[-0.233299,49.264548],[-0.233771,49.264596],[-0.234152,49.264616],[-0.234565,49.264671],[-0.23478,49.264661],[-0.235308,49.264747],[-0.235809,49.26478],[-0.235923,49.264761],[-0.236065,49.264847],[-0.236309,49.264908],[-0.236536,49.264836],[-0.236671,49.264838],[-0.237186,49.26493],[-0.237829,49.264959],[-0.238011,49.264997],[-0.238806,49.265066],[-0.238838,49.265154],[-0.239081,49.265091],[-0.240253,49.265204],[-0.240603,49.265258],[-0.24136,49.265314],[-0.241905,49.265429],[-0.241976,49.265388],[-0.242399,49.265403],[-0.244059,49.266007],[-0.244177,49.265958],[-0.244862,49.265153],[-0.245057,49.264968],[-0.245119,49.264858],[-0.246682,49.263018],[-0.245267,49.262354],[-0.245058,49.262489],[-0.241426,49.261203],[-0.239553,49.260532],[-0.237775,49.259912],[-0.237012,49.259689],[-0.236045,49.259344],[-0.23575,49.259171],[-0.235355,49.258877],[-0.23486,49.258361],[-0.234178,49.257679],[-0.233229,49.256809],[-0.233051,49.257004],[-0.232567,49.257637],[-0.230995,49.257234],[-0.230488,49.257094],[-0.22979,49.256935],[-0.228903,49.256477],[-0.228312,49.256192],[-0.227575,49.25593],[-0.227084,49.255796],[-0.226239,49.25566],[-0.22556,49.25565],[-0.224854,49.255611],[-0.224452,49.255605]]]}},{"type":"Feature","properties":{"insee":"14698","nom":"Touffréville"},"geometry":{"type":"Polygon","coordinates":[[[-0.226355,49.217356],[-0.226407,49.216674],[-0.226477,49.215998],[-0.226668,49.214758],[-0.227732,49.212155],[-0.22804,49.211303],[-0.228683,49.209791],[-0.229293,49.209833],[-0.229225,49.209626],[-0.229237,49.209426],[-0.229364,49.209165],[-0.229482,49.208834],[-0.229655,49.208427],[-0.230197,49.207293],[-0.231776,49.20578],[-0.233476,49.205733],[-0.233475,49.205617],[-0.233383,49.205031],[-0.234451,49.205096],[-0.235543,49.204968],[-0.235162,49.203426],[-0.23498,49.202744],[-0.234713,49.201657],[-0.237499,49.201207],[-0.237195,49.200363],[-0.239632,49.1999],[-0.239655,49.199499],[-0.239676,49.198434],[-0.239667,49.19816],[-0.239537,49.197347],[-0.239664,49.197332],[-0.23956,49.197073],[-0.23947,49.196745],[-0.239432,49.196139],[-0.241227,49.196312],[-0.241725,49.194902],[-0.243307,49.194916],[-0.243786,49.193357],[-0.244494,49.193394],[-0.244756,49.192911],[-0.245049,49.192413],[-0.245383,49.191878],[-0.246384,49.192095],[-0.246617,49.19176],[-0.246915,49.191198],[-0.247188,49.190497],[-0.247255,49.190227],[-0.247283,49.189854],[-0.247368,49.189351],[-0.246847,49.18935],[-0.246804,49.188337],[-0.246713,49.187058],[-0.244182,49.187136],[-0.243977,49.187163],[-0.24394,49.187269],[-0.241347,49.187345],[-0.241415,49.187076],[-0.237271,49.187342],[-0.236213,49.187781],[-0.234512,49.188267],[-0.234089,49.188349],[-0.233403,49.188393],[-0.230912,49.188143],[-0.228922,49.187936],[-0.228991,49.187689],[-0.227332,49.187394],[-0.224759,49.187149],[-0.224693,49.187044],[-0.224179,49.187095],[-0.224153,49.187204],[-0.223367,49.187171],[-0.221483,49.187166],[-0.221727,49.187303],[-0.221881,49.187485],[-0.221212,49.187486],[-0.220974,49.18751],[-0.219691,49.187761],[-0.21987,49.18791],[-0.219966,49.188048],[-0.220129,49.188144],[-0.220213,49.188307],[-0.220435,49.188537],[-0.218299,49.189617],[-0.218185,49.189663],[-0.21518,49.190676],[-0.215345,49.190816],[-0.214018,49.191275],[-0.212809,49.191672],[-0.212698,49.191551],[-0.209831,49.192952],[-0.210037,49.193088],[-0.210648,49.193373],[-0.21094,49.193527],[-0.211339,49.193638],[-0.211767,49.193732],[-0.21151,49.193807],[-0.211084,49.194023],[-0.210584,49.194332],[-0.210218,49.194581],[-0.209906,49.194848],[-0.209582,49.195045],[-0.20924,49.195176],[-0.208524,49.195525],[-0.20793,49.195854],[-0.205759,49.196877],[-0.2047,49.197682],[-0.203953,49.198275],[-0.203686,49.198472],[-0.204176,49.198973],[-0.20451,49.199166],[-0.20525,49.199452],[-0.206287,49.199899],[-0.207604,49.200429],[-0.208172,49.201259],[-0.207786,49.201554],[-0.207887,49.202072],[-0.207584,49.202254],[-0.207979,49.202821],[-0.208835,49.202831],[-0.208893,49.202991],[-0.208706,49.203008],[-0.208812,49.203568],[-0.208981,49.20396],[-0.209505,49.205248],[-0.209967,49.205625],[-0.210673,49.206384],[-0.21133,49.207169],[-0.21221,49.20878],[-0.213394,49.210882],[-0.214423,49.212165],[-0.214433,49.212242],[-0.214593,49.212519],[-0.215206,49.21425],[-0.216429,49.214739],[-0.216835,49.214825],[-0.217918,49.215402],[-0.218097,49.215373],[-0.219417,49.215065],[-0.221421,49.214702],[-0.221364,49.215582],[-0.221374,49.215741],[-0.221471,49.216062],[-0.221618,49.216301],[-0.221936,49.216666],[-0.222105,49.216896],[-0.222245,49.21693],[-0.222618,49.217119],[-0.223183,49.217285],[-0.223634,49.217289],[-0.224265,49.217229],[-0.224706,49.217221],[-0.226355,49.217356]]]}},{"type":"Feature","properties":{"insee":"14724","nom":"Varaville"},"geometry":{"type":"Polygon","coordinates":[[[-0.183599,49.247367],[-0.183535,49.247221],[-0.18058,49.24655],[-0.17837,49.247572],[-0.177723,49.247887],[-0.175465,49.247723],[-0.17557,49.248272],[-0.173386,49.248154],[-0.173373,49.248283],[-0.169868,49.248048],[-0.169839,49.248229],[-0.169819,49.248858],[-0.168599,49.248981],[-0.167328,49.249077],[-0.166832,49.249125],[-0.165878,49.249183],[-0.163965,49.249309],[-0.164004,49.249734],[-0.161696,49.249844],[-0.161699,49.249684],[-0.160113,49.249666],[-0.159949,49.249746],[-0.159496,49.24974],[-0.158999,49.24968],[-0.158725,49.249623],[-0.157228,49.24923],[-0.156622,49.249061],[-0.15675,49.248743],[-0.156791,49.248536],[-0.156927,49.248269],[-0.157165,49.247985],[-0.157373,49.247627],[-0.157419,49.247297],[-0.157363,49.246945],[-0.157276,49.246708],[-0.157152,49.246481],[-0.157055,49.245816],[-0.157112,49.245692],[-0.156418,49.245712],[-0.156123,49.245797],[-0.155882,49.246047],[-0.155812,49.246371],[-0.155511,49.246594],[-0.154636,49.24714],[-0.154119,49.247384],[-0.153777,49.247227],[-0.154204,49.246461],[-0.154256,49.246321],[-0.154198,49.246263],[-0.153944,49.246291],[-0.153557,49.246297],[-0.153193,49.246194],[-0.153358,49.24549],[-0.153658,49.245463],[-0.153941,49.245365],[-0.154088,49.245255],[-0.154045,49.244912],[-0.15408,49.244807],[-0.154358,49.244463],[-0.15489,49.243853],[-0.154763,49.243803],[-0.154332,49.243735],[-0.153848,49.243691],[-0.152624,49.243667],[-0.152227,49.243566],[-0.151725,49.243483],[-0.150867,49.243403],[-0.150175,49.243245],[-0.149423,49.24303],[-0.149544,49.242631],[-0.149406,49.242253],[-0.149173,49.242174],[-0.148978,49.242027],[-0.148931,49.241899],[-0.148229,49.241706],[-0.147974,49.241785],[-0.147856,49.241763],[-0.147727,49.241606],[-0.147611,49.241534],[-0.147263,49.241459],[-0.146891,49.241483],[-0.146452,49.241671],[-0.146185,49.241662],[-0.145666,49.24139],[-0.145411,49.241421],[-0.14516,49.241356],[-0.14508,49.241151],[-0.144844,49.240974],[-0.144706,49.24081],[-0.144703,49.240649],[-0.144788,49.240486],[-0.144778,49.240336],[-0.144442,49.240033],[-0.143941,49.239777],[-0.143416,49.2397],[-0.143037,49.239624],[-0.142259,49.239657],[-0.142025,49.239693],[-0.141903,49.239771],[-0.141602,49.23988],[-0.141045,49.239931],[-0.14045,49.239841],[-0.139774,49.239923],[-0.139233,49.239941],[-0.138991,49.239901],[-0.138575,49.239669],[-0.138608,49.23947],[-0.138807,49.239381],[-0.139111,49.239067],[-0.13901,49.238923],[-0.138729,49.23878],[-0.138405,49.238728],[-0.137836,49.238913],[-0.137173,49.238836],[-0.137153,49.23875],[-0.136652,49.238518],[-0.136324,49.238263],[-0.13599,49.237933],[-0.135906,49.237975],[-0.135408,49.23794],[-0.135263,49.237976],[-0.135235,49.23808],[-0.135267,49.238332],[-0.135192,49.238432],[-0.134851,49.23861],[-0.134677,49.238635],[-0.133985,49.238505],[-0.133585,49.23813],[-0.133199,49.237876],[-0.133078,49.237719],[-0.132589,49.237467],[-0.132328,49.237248],[-0.131923,49.237026],[-0.131789,49.236876],[-0.131681,49.236655],[-0.13162,49.236447],[-0.131263,49.236514],[-0.130995,49.236531],[-0.130414,49.236521],[-0.130131,49.23661],[-0.12997,49.236735],[-0.129893,49.236902],[-0.129886,49.237079],[-0.129954,49.237424],[-0.130061,49.237719],[-0.130534,49.238618],[-0.130611,49.238815],[-0.130661,49.239112],[-0.13063,49.239338],[-0.130439,49.23975],[-0.130447,49.239894],[-0.130579,49.240238],[-0.130692,49.240497],[-0.130855,49.240681],[-0.131167,49.240956],[-0.131415,49.241225],[-0.131443,49.241372],[-0.131314,49.241669],[-0.13088,49.242389],[-0.130763,49.242706],[-0.130546,49.243065],[-0.13013,49.243577],[-0.129882,49.243938],[-0.129734,49.244049],[-0.12951,49.244073],[-0.129304,49.244038],[-0.129053,49.243929],[-0.128092,49.243332],[-0.127537,49.243077],[-0.127184,49.242964],[-0.126904,49.242923],[-0.126445,49.242926],[-0.126283,49.24297],[-0.126145,49.243073],[-0.126257,49.243687],[-0.126248,49.243896],[-0.126126,49.244133],[-0.125854,49.2444],[-0.125322,49.245255],[-0.125153,49.245567],[-0.125081,49.245783],[-0.124972,49.246247],[-0.124888,49.246813],[-0.124862,49.247182],[-0.125286,49.247419],[-0.125821,49.24785],[-0.126212,49.248325],[-0.126918,49.249334],[-0.127221,49.249435],[-0.127671,49.249453],[-0.127922,49.249353],[-0.128309,49.248917],[-0.128738,49.248686],[-0.129345,49.24854],[-0.129907,49.248313],[-0.130326,49.248311],[-0.130524,49.24838],[-0.130676,49.248531],[-0.130716,49.248738],[-0.130625,49.248981],[-0.130381,49.249194],[-0.129664,49.249618],[-0.129373,49.249738],[-0.129126,49.249898],[-0.128811,49.250347],[-0.128529,49.250841],[-0.128475,49.251197],[-0.128555,49.251591],[-0.12868,49.252017],[-0.128806,49.252303],[-0.128766,49.252498],[-0.128113,49.252572],[-0.127502,49.252619],[-0.127229,49.252685],[-0.127011,49.252823],[-0.12678,49.252916],[-0.126547,49.252967],[-0.125385,49.252846],[-0.124408,49.252766],[-0.124257,49.252635],[-0.124232,49.252501],[-0.124275,49.252359],[-0.124426,49.252109],[-0.124943,49.251615],[-0.125274,49.251065],[-0.125535,49.250564],[-0.125531,49.250463],[-0.12536,49.250307],[-0.125193,49.25027],[-0.124526,49.250254],[-0.124017,49.250292],[-0.123792,49.250273],[-0.123613,49.25039],[-0.123293,49.250531],[-0.122559,49.250795],[-0.121902,49.251072],[-0.121783,49.251143],[-0.121492,49.251509],[-0.121408,49.251695],[-0.121342,49.251985],[-0.121221,49.252268],[-0.120989,49.253001],[-0.120989,49.253239],[-0.120886,49.253514],[-0.120195,49.253455],[-0.118957,49.252418],[-0.118753,49.252209],[-0.118551,49.252073],[-0.118334,49.25197],[-0.117902,49.251826],[-0.117807,49.251763],[-0.11712,49.251493],[-0.116382,49.251308],[-0.115598,49.251145],[-0.115378,49.251132],[-0.114734,49.251178],[-0.113963,49.251166],[-0.113547,49.251248],[-0.113063,49.251385],[-0.112866,49.2514],[-0.112938,49.25151],[-0.112796,49.251779],[-0.112912,49.252177],[-0.113027,49.252406],[-0.113576,49.253057],[-0.113917,49.25339],[-0.114139,49.253545],[-0.114551,49.253669],[-0.115479,49.253859],[-0.115795,49.253908],[-0.116295,49.253947],[-0.116728,49.254018],[-0.116909,49.254102],[-0.117239,49.254373],[-0.117358,49.25455],[-0.117543,49.254942],[-0.117648,49.255028],[-0.116926,49.255341],[-0.116209,49.255462],[-0.115943,49.255485],[-0.11464,49.255417],[-0.114238,49.255443],[-0.113827,49.255505],[-0.113285,49.255655],[-0.112838,49.255805],[-0.11243,49.255982],[-0.112183,49.256135],[-0.111901,49.256396],[-0.111061,49.257009],[-0.11096,49.257135],[-0.110879,49.257403],[-0.110884,49.257742],[-0.111108,49.258211],[-0.11142,49.258555],[-0.111895,49.258965],[-0.112221,49.259327],[-0.112483,49.259733],[-0.112751,49.26028],[-0.113068,49.261001],[-0.113257,49.261549],[-0.11338,49.261961],[-0.113695,49.26195],[-0.113864,49.262186],[-0.114363,49.262526],[-0.115058,49.262748],[-0.115777,49.262934],[-0.116926,49.263129],[-0.117977,49.263247],[-0.119725,49.263398],[-0.120027,49.263516],[-0.120189,49.263826],[-0.120233,49.26406],[-0.120024,49.264423],[-0.11985,49.264624],[-0.119413,49.26522],[-0.119112,49.265753],[-0.118971,49.266215],[-0.118884,49.266737],[-0.118747,49.267219],[-0.11869,49.267337],[-0.11832,49.267656],[-0.117927,49.267728],[-0.11744,49.267744],[-0.117077,49.267674],[-0.116793,49.267578],[-0.116694,49.26732],[-0.116285,49.266465],[-0.115655,49.265321],[-0.115414,49.264974],[-0.115169,49.264681],[-0.114895,49.264415],[-0.114646,49.264257],[-0.114164,49.264036],[-0.113708,49.263911],[-0.113497,49.26391],[-0.112179,49.264314],[-0.112064,49.264577],[-0.112047,49.265102],[-0.112089,49.265377],[-0.11219,49.265656],[-0.112387,49.266105],[-0.112557,49.266431],[-0.112705,49.266767],[-0.112771,49.267061],[-0.11277,49.267313],[-0.112701,49.267539],[-0.112578,49.267742],[-0.112152,49.268104],[-0.111876,49.268253],[-0.111225,49.268505],[-0.11057,49.268653],[-0.11007,49.268712],[-0.109543,49.268704],[-0.108595,49.268527],[-0.108301,49.2685],[-0.107831,49.268544],[-0.106788,49.268819],[-0.106303,49.269049],[-0.105816,49.269374],[-0.10553,49.269652],[-0.105436,49.269796],[-0.105342,49.270114],[-0.105326,49.270533],[-0.105444,49.270979],[-0.105824,49.271901],[-0.106071,49.272277],[-0.106299,49.272511],[-0.106557,49.272711],[-0.106893,49.272856],[-0.107378,49.272936],[-0.10788,49.272921],[-0.108908,49.272804],[-0.109281,49.272796],[-0.109792,49.272842],[-0.110054,49.27297],[-0.110329,49.273222],[-0.110561,49.273513],[-0.110752,49.273805],[-0.110998,49.274376],[-0.111069,49.274757],[-0.111038,49.275627],[-0.110925,49.276264],[-0.110909,49.276596],[-0.11106,49.276975],[-0.111311,49.277265],[-0.112218,49.277729],[-0.112678,49.277936],[-0.113012,49.278087],[-0.11383,49.277622],[-0.114227,49.277615],[-0.114877,49.277417],[-0.115017,49.277313],[-0.115054,49.277196],[-0.115183,49.277059],[-0.115302,49.277019],[-0.115394,49.276901],[-0.115602,49.276793],[-0.116046,49.276641],[-0.116253,49.276518],[-0.116458,49.276444],[-0.116552,49.276324],[-0.116553,49.276012],[-0.116634,49.274528],[-0.116619,49.274166],[-0.119998,49.274106],[-0.121033,49.274104],[-0.122044,49.274122],[-0.123312,49.274185],[-0.124167,49.274251],[-0.124974,49.274345],[-0.125796,49.274477],[-0.12666,49.274643],[-0.127332,49.27481],[-0.128015,49.275017],[-0.128677,49.275251],[-0.129372,49.275529],[-0.129336,49.275196],[-0.129571,49.274717],[-0.129671,49.27418],[-0.129725,49.274034],[-0.129875,49.273832],[-0.130093,49.27389],[-0.130771,49.273941],[-0.131121,49.273953],[-0.132284,49.274017],[-0.132393,49.274172],[-0.132585,49.274326],[-0.132957,49.274116],[-0.13319,49.274098],[-0.133316,49.274175],[-0.133451,49.274138],[-0.133607,49.273926],[-0.133749,49.273885],[-0.13395,49.273725],[-0.134058,49.27359],[-0.134234,49.273239],[-0.134446,49.273119],[-0.134659,49.272745],[-0.134697,49.272565],[-0.134614,49.272501],[-0.13451,49.272225],[-0.134466,49.271967],[-0.134403,49.271203],[-0.134299,49.270219],[-0.135074,49.270094],[-0.135095,49.269851],[-0.135076,49.269651],[-0.135149,49.269626],[-0.135514,49.269118],[-0.135671,49.269044],[-0.136064,49.268943],[-0.136342,49.26895],[-0.136345,49.26864],[-0.137241,49.268922],[-0.137407,49.269103],[-0.137566,49.269141],[-0.138482,49.269204],[-0.138848,49.269279],[-0.139422,49.269452],[-0.139696,49.26957],[-0.140417,49.269801],[-0.140672,49.269909],[-0.140975,49.269954],[-0.141578,49.270084],[-0.141637,49.270001],[-0.14172,49.269454],[-0.141713,49.26932],[-0.141789,49.269256],[-0.14285,49.269079],[-0.143273,49.26905],[-0.143901,49.269046],[-0.145028,49.268939],[-0.145463,49.268817],[-0.146197,49.268698],[-0.146256,49.268635],[-0.146671,49.268696],[-0.147309,49.268681],[-0.148083,49.268808],[-0.14805,49.268988],[-0.147837,49.269323],[-0.147621,49.269456],[-0.147418,49.269515],[-0.147186,49.269651],[-0.14686,49.27004],[-0.146833,49.270183],[-0.146946,49.270416],[-0.146955,49.270578],[-0.14683,49.270893],[-0.146807,49.271038],[-0.147026,49.271287],[-0.14723,49.271476],[-0.147303,49.271618],[-0.147383,49.271896],[-0.147571,49.272118],[-0.147837,49.272326],[-0.148033,49.272408],[-0.148445,49.272518],[-0.148682,49.272634],[-0.148923,49.27285],[-0.149151,49.272883],[-0.149759,49.272894],[-0.150026,49.272464],[-0.150195,49.272546],[-0.150552,49.27282],[-0.150857,49.273337],[-0.151045,49.273918],[-0.151086,49.274094],[-0.151133,49.274568],[-0.150673,49.27547],[-0.150302,49.276021],[-0.150096,49.276245],[-0.149889,49.276416],[-0.14964,49.276557],[-0.149218,49.276691],[-0.148809,49.276751],[-0.148969,49.277323],[-0.148601,49.277322],[-0.148411,49.277373],[-0.147544,49.277937],[-0.147125,49.278182],[-0.14672,49.278373],[-0.146424,49.278423],[-0.146708,49.278887],[-0.146817,49.279237],[-0.146808,49.27947],[-0.14674,49.279659],[-0.146593,49.279788],[-0.146188,49.279902],[-0.145663,49.280288],[-0.145569,49.280394],[-0.145566,49.280634],[-0.145766,49.281267],[-0.14583,49.281683],[-0.145818,49.281851],[-0.14566,49.282099],[-0.145464,49.282216],[-0.145209,49.282304],[-0.144838,49.282351],[-0.144493,49.282325],[-0.144158,49.282252],[-0.143768,49.282073],[-0.143396,49.281979],[-0.142978,49.281936],[-0.142578,49.281933],[-0.142314,49.281841],[-0.14219,49.281635],[-0.14196,49.281456],[-0.141641,49.281379],[-0.141425,49.281457],[-0.141125,49.28176],[-0.140861,49.281994],[-0.140629,49.282127],[-0.140319,49.282188],[-0.139665,49.282252],[-0.138666,49.282524],[-0.139117,49.282979],[-0.139525,49.283559],[-0.139652,49.283915],[-0.139598,49.2844],[-0.13953,49.284458],[-0.139493,49.285276],[-0.139425,49.285918],[-0.139323,49.288329],[-0.139285,49.289072],[-0.139299,49.289621],[-0.139279,49.289828],[-0.139404,49.289833],[-0.139608,49.289762],[-0.140102,49.289694],[-0.140182,49.289747],[-0.140662,49.289706],[-0.141147,49.289629],[-0.141321,49.28962],[-0.141801,49.289522],[-0.141968,49.28953],[-0.142707,49.28941],[-0.14276,49.289367],[-0.143086,49.289352],[-0.143385,49.289309],[-0.143572,49.289225],[-0.144018,49.289214],[-0.144401,49.289156],[-0.144631,49.28909],[-0.145007,49.289033],[-0.145504,49.288992],[-0.146664,49.288845],[-0.147062,49.288779],[-0.147826,49.288629],[-0.148387,49.288543],[-0.149493,49.288437],[-0.151241,49.288202],[-0.152377,49.288065],[-0.153124,49.287986],[-0.154148,49.287859],[-0.155592,49.287748],[-0.155918,49.287699],[-0.156523,49.287636],[-0.157249,49.287586],[-0.157888,49.287513],[-0.158572,49.287467],[-0.159634,49.287361],[-0.159982,49.287347],[-0.161102,49.287211],[-0.162004,49.287135],[-0.162245,49.287126],[-0.16239,49.287198],[-0.162035,49.287267],[-0.160729,49.287384],[-0.160642,49.287421],[-0.160214,49.287495],[-0.159785,49.287533],[-0.159849,49.287622],[-0.160315,49.287547],[-0.161262,49.287482],[-0.161801,49.287414],[-0.162585,49.287338],[-0.162716,49.287298],[-0.163496,49.287206],[-0.16377,49.287194],[-0.16418,49.287125],[-0.165002,49.28701],[-0.165154,49.287008],[-0.165881,49.286935],[-0.167062,49.286803],[-0.168186,49.286684],[-0.16905,49.286559],[-0.169992,49.28645],[-0.16999,49.286164],[-0.170057,49.285064],[-0.16973,49.285047],[-0.169773,49.284811],[-0.169585,49.284294],[-0.169408,49.284304],[-0.16933,49.283978],[-0.169066,49.283455],[-0.168726,49.283255],[-0.168188,49.283073],[-0.167753,49.282974],[-0.167808,49.28288],[-0.166739,49.282631],[-0.166906,49.282105],[-0.16704,49.281555],[-0.167079,49.281205],[-0.167068,49.281037],[-0.167761,49.280277],[-0.167801,49.2801],[-0.167298,49.280102],[-0.166991,49.279897],[-0.166047,49.27938],[-0.16592,49.279551],[-0.165593,49.27952],[-0.165256,49.279436],[-0.165719,49.278984],[-0.166009,49.279067],[-0.166269,49.279043],[-0.166531,49.279101],[-0.167456,49.279394],[-0.167938,49.27951],[-0.168325,49.279585],[-0.168631,49.279618],[-0.169335,49.279627],[-0.169709,49.27832],[-0.170212,49.278206],[-0.170411,49.278183],[-0.171045,49.276785],[-0.171335,49.276873],[-0.171347,49.276606],[-0.173011,49.276968],[-0.173121,49.277254],[-0.173251,49.277471],[-0.173592,49.277817],[-0.173923,49.277913],[-0.17405,49.277817],[-0.174166,49.277885],[-0.17443,49.27757],[-0.174392,49.277442],[-0.174391,49.277136],[-0.174069,49.276967],[-0.173899,49.276912],[-0.173681,49.276917],[-0.17353,49.276674],[-0.173338,49.276447],[-0.173107,49.2763],[-0.172714,49.276159],[-0.172613,49.27632],[-0.172247,49.276104],[-0.171817,49.275947],[-0.171846,49.275856],[-0.172138,49.275661],[-0.172209,49.275519],[-0.172098,49.275221],[-0.172151,49.275067],[-0.171954,49.274845],[-0.171942,49.27462],[-0.171708,49.274459],[-0.171887,49.274337],[-0.172202,49.27423],[-0.172777,49.274187],[-0.173032,49.274075],[-0.173248,49.274057],[-0.173451,49.274123],[-0.173856,49.274079],[-0.173954,49.274005],[-0.174069,49.273765],[-0.174161,49.273661],[-0.174426,49.273581],[-0.174769,49.273546],[-0.175054,49.273441],[-0.175576,49.273101],[-0.175696,49.272928],[-0.175112,49.272684],[-0.174318,49.272245],[-0.173278,49.272534],[-0.17268,49.272675],[-0.17235,49.272875],[-0.17169,49.27261],[-0.170773,49.272299],[-0.170332,49.272166],[-0.169777,49.272041],[-0.169113,49.271506],[-0.169137,49.271451],[-0.16968,49.271091],[-0.169557,49.270601],[-0.169632,49.270478],[-0.169903,49.270463],[-0.170588,49.27064],[-0.170828,49.270641],[-0.171169,49.270553],[-0.17126,49.270444],[-0.171271,49.270304],[-0.171413,49.270213],[-0.171845,49.270252],[-0.172106,49.27018],[-0.172146,49.26997],[-0.172027,49.269802],[-0.172134,49.269654],[-0.172649,49.2695],[-0.172804,49.269384],[-0.173099,49.26936],[-0.17356,49.269469],[-0.173758,49.269612],[-0.173903,49.26962],[-0.174274,49.269464],[-0.174396,49.269384],[-0.174528,49.268988],[-0.174416,49.268844],[-0.174461,49.268759],[-0.174639,49.268683],[-0.174716,49.268483],[-0.17462,49.26829],[-0.17442,49.268213],[-0.173483,49.268307],[-0.171925,49.267652],[-0.170838,49.267727],[-0.170491,49.267569],[-0.170126,49.267555],[-0.169909,49.267459],[-0.169353,49.267259],[-0.169222,49.267132],[-0.169511,49.266941],[-0.169774,49.266725],[-0.170513,49.266159],[-0.17085,49.26577],[-0.17111,49.265325],[-0.171209,49.265023],[-0.171241,49.264733],[-0.17113,49.264565],[-0.170686,49.264205],[-0.17048,49.263977],[-0.17018,49.263748],[-0.1708,49.263184],[-0.170235,49.262566],[-0.170869,49.262058],[-0.171219,49.261888],[-0.171981,49.261362],[-0.172446,49.261095],[-0.172754,49.260946],[-0.173128,49.260703],[-0.173687,49.260248],[-0.174075,49.259729],[-0.174449,49.259381],[-0.174772,49.259133],[-0.174493,49.258978],[-0.175362,49.258037],[-0.175805,49.257464],[-0.174256,49.256931],[-0.174659,49.256577],[-0.175193,49.256063],[-0.17567,49.255509],[-0.175601,49.255479],[-0.175713,49.25529],[-0.176231,49.254579],[-0.176466,49.254641],[-0.176912,49.254803],[-0.177353,49.254388],[-0.177896,49.253939],[-0.178316,49.253542],[-0.178289,49.253488],[-0.179048,49.252282],[-0.179557,49.251507],[-0.179806,49.251097],[-0.180259,49.250666],[-0.180513,49.250521],[-0.180789,49.250413],[-0.180864,49.250195],[-0.180875,49.249973],[-0.181169,49.249678],[-0.181197,49.249561],[-0.18115,49.249387],[-0.181202,49.249277],[-0.181382,49.249117],[-0.181774,49.248911],[-0.181901,49.248685],[-0.182136,49.248541],[-0.182318,49.248359],[-0.182364,49.248156],[-0.182557,49.247982],[-0.182862,49.247641],[-0.183151,49.247566],[-0.183599,49.247367]]]}},{"type":"Feature","properties":{"insee":"14743","nom":"Victot-en-Auge"},"geometry":{"type":"Polygon","coordinates":[[[0.026151,49.191551],[0.023289,49.191453],[0.021765,49.191468],[0.02135,49.19155],[0.020806,49.191436],[0.020503,49.191548],[0.019818,49.191765],[0.018637,49.192104],[0.018375,49.192222],[0.01806,49.19305],[0.017773,49.193315],[0.017288,49.19344],[0.016553,49.193182],[0.015614,49.193673],[0.015138,49.193882],[0.013882,49.19432],[0.012688,49.19468],[0.012083,49.194879],[0.011558,49.195115],[0.010417,49.195681],[0.010448,49.195779],[0.010843,49.196147],[0.010777,49.197629],[0.010609,49.198299],[0.010028,49.199007],[0.009013,49.198718],[0.00867,49.198711],[0.008529,49.198798],[0.008001,49.199552],[0.006011,49.199558],[0.00566,49.199731],[0.004788,49.200522],[0.004526,49.200775],[0.004081,49.200997],[0.003652,49.201269],[0.003408,49.201645],[0.003594,49.201914],[0.003428,49.20224],[0.003105,49.202466],[0.00263,49.202765],[0.001981,49.203385],[0.000844,49.202799],[0.000273,49.202544],[-8.9e-05,49.202949],[-0.00038,49.202756],[-0.000649,49.202654],[-0.00109,49.20255],[-0.001776,49.202531],[-0.002317,49.201927],[-0.002455,49.202121],[-0.002473,49.202289],[-0.00269,49.2026],[-0.002882,49.202807],[-0.002914,49.203031],[-0.003061,49.203225],[-0.00343,49.203317],[-0.003544,49.203531],[-0.003671,49.203626],[-0.003882,49.203644],[-0.004247,49.203527],[-0.00455,49.203309],[-0.004841,49.203204],[-0.005165,49.203174],[-0.005458,49.203174],[-0.005283,49.202535],[-0.006271,49.202576],[-0.006293,49.20246],[-0.006333,49.201757],[-0.006385,49.201431],[-0.006101,49.201376],[-0.00609,49.201128],[-0.006451,49.201219],[-0.006957,49.201225],[-0.009881,49.201079],[-0.009647,49.200477],[-0.010074,49.200525],[-0.010381,49.200471],[-0.010225,49.199984],[-0.009931,49.199535],[-0.00953,49.199312],[-0.00921,49.199097],[-0.00985,49.198965],[-0.010274,49.198936],[-0.011087,49.198748],[-0.011266,49.198675],[-0.011575,49.198459],[-0.011701,49.19828],[-0.011717,49.198037],[-0.011834,49.197936],[-0.012024,49.197899],[-0.012702,49.198069],[-0.013176,49.198068],[-0.013498,49.197994],[-0.01381,49.197822],[-0.014077,49.197643],[-0.014329,49.197518],[-0.014812,49.197366],[-0.015195,49.197306],[-0.015807,49.197261],[-0.01605,49.197217],[-0.016439,49.196741],[-0.016662,49.19655],[-0.017037,49.196287],[-0.017296,49.19615],[-0.017019,49.195755],[-0.016967,49.195625],[-0.016412,49.1957],[-0.01629,49.195611],[-0.016071,49.195364],[-0.015591,49.194887],[-0.015308,49.194582],[-0.015977,49.194273],[-0.01544,49.193472],[-0.015325,49.193214],[-0.015177,49.192775],[-0.014789,49.192845],[-0.014533,49.192321],[-0.014744,49.192253],[-0.014778,49.191013],[-0.014554,49.191035],[-0.014426,49.191],[-0.014279,49.190886],[-0.014143,49.190923],[-0.013787,49.190846],[-0.013746,49.189495],[-0.014406,49.189457],[-0.016804,49.1895],[-0.016921,49.189445],[-0.017162,49.18953],[-0.017902,49.189452],[-0.018875,49.189244],[-0.020269,49.188954],[-0.020257,49.18886],[-0.020121,49.188536],[-0.019704,49.187694],[-0.019425,49.187221],[-0.019697,49.187188],[-0.020179,49.187073],[-0.020918,49.186871],[-0.022123,49.186563],[-0.022334,49.186492],[-0.022483,49.186889],[-0.022714,49.18735],[-0.022891,49.187293],[-0.023288,49.18734],[-0.02345,49.187314],[-0.023514,49.187208],[-0.023515,49.186946],[-0.023584,49.186865],[-0.023815,49.186942],[-0.023989,49.186847],[-0.02406,49.186637],[-0.024274,49.186616],[-0.023868,49.185467],[-0.023172,49.184385],[-0.023024,49.18427],[-0.022772,49.183906],[-0.022528,49.1834],[-0.022421,49.183115],[-0.022311,49.182651],[-0.021895,49.180009],[-0.023441,49.179536],[-0.024297,49.179196],[-0.025215,49.178974],[-0.025931,49.178697],[-0.026458,49.178507],[-0.026747,49.178349],[-0.027342,49.177953],[-0.027603,49.177817],[-0.028076,49.177609],[-0.027768,49.177059],[-0.027657,49.176738],[-0.027511,49.176115],[-0.027471,49.175764],[-0.027279,49.175758],[-0.027234,49.175208],[-0.027089,49.175197],[-0.027253,49.17417],[-0.027258,49.173984],[-0.027316,49.173721],[-0.028033,49.173745],[-0.02853,49.173879],[-0.028799,49.173887],[-0.028765,49.173776],[-0.028627,49.172085],[-0.028448,49.169785],[-0.028816,49.169765],[-0.02917,49.169721],[-0.029485,49.169608],[-0.030873,49.169401],[-0.031318,49.1694],[-0.031484,49.169448],[-0.031991,49.169297],[-0.032087,49.167614],[-0.03213,49.1653],[-0.03198,49.164627],[-0.031849,49.163679],[-0.031856,49.163377],[-0.031753,49.162984],[-0.031755,49.162846],[-0.031674,49.162388],[-0.031641,49.161963],[-0.031605,49.161773],[-0.030915,49.160832],[-0.030613,49.16029],[-0.030471,49.160113],[-0.030083,49.159397],[-0.029781,49.159078],[-0.02963,49.158752],[-0.029798,49.158672],[-0.030029,49.158651],[-0.030455,49.158817],[-0.03071,49.158802],[-0.030789,49.158658],[-0.030999,49.15862],[-0.031552,49.158701],[-0.031908,49.158701],[-0.03246,49.158595],[-0.032679,49.158588],[-0.032932,49.158512],[-0.033336,49.15825],[-0.033729,49.158059],[-0.03403,49.157971],[-0.034597,49.15784],[-0.03559,49.157874],[-0.03577,49.157804],[-0.03585,49.157638],[-0.036003,49.157462],[-0.036113,49.157397],[-0.036321,49.157362],[-0.03687,49.157203],[-0.037449,49.15708],[-0.037934,49.15703],[-0.038005,49.156994],[-0.037993,49.156791],[-0.038116,49.156668],[-0.038448,49.15655],[-0.038794,49.1563],[-0.039076,49.15622],[-0.039435,49.156191],[-0.03978,49.156054],[-0.039973,49.155814],[-0.040249,49.155549],[-0.040455,49.155312],[-0.04069,49.154992],[-0.040866,49.154792],[-0.041401,49.154249],[-0.041652,49.154073],[-0.041964,49.153958],[-0.042377,49.15373],[-0.042237,49.153632],[-0.041949,49.153716],[-0.041178,49.153724],[-0.040721,49.153757],[-0.04002,49.153758],[-0.039071,49.153784],[-0.03873,49.153808],[-0.037473,49.15385],[-0.036013,49.153858],[-0.035132,49.153793],[-0.03496,49.153761],[-0.034607,49.153752],[-0.033535,49.153829],[-0.032187,49.153948],[-0.031367,49.153962],[-0.030074,49.153943],[-0.029164,49.153893],[-0.028747,49.153844],[-0.02779,49.153691],[-0.026675,49.153454],[-0.025951,49.153246],[-0.025358,49.153105],[-0.024724,49.152874],[-0.023685,49.152591],[-0.023364,49.152571],[-0.022589,49.152469],[-0.020664,49.152245],[-0.020506,49.152221],[-0.020122,49.152436],[-0.019642,49.152463],[-0.019284,49.152533],[-0.018883,49.152553],[-0.018271,49.152678],[-0.018045,49.152688],[-0.017557,49.152661],[-0.017155,49.152661],[-0.01643,49.152632],[-0.01562,49.15255],[-0.014963,49.152438],[-0.014645,49.152371],[-0.013486,49.152256],[-0.013135,49.152207],[-0.01286,49.152106],[-0.012576,49.152244],[-0.011662,49.152015],[-0.011686,49.151934],[-0.010686,49.151845],[-0.010253,49.151816],[-0.009578,49.151805],[-0.009135,49.151842],[-0.008902,49.151841],[-0.008529,49.1518],[-0.008322,49.151833],[-0.007858,49.152032],[-0.007066,49.152135],[-0.006651,49.152223],[-0.006342,49.152234],[-0.006281,49.152201],[-0.005648,49.152219],[-0.005037,49.152322],[-0.004361,49.15228],[-0.003972,49.152314],[-0.003822,49.152357],[-0.003395,49.15271],[-0.002971,49.153014],[-0.002555,49.153262],[-0.002254,49.153697],[-0.002005,49.153869],[-0.001582,49.154072],[-0.001515,49.154205],[-0.001506,49.154397],[-0.001046,49.154399],[-0.000792,49.154461],[-0.000451,49.154607],[-8.4e-05,49.154618],[0.00155,49.154572],[0.002595,49.154188],[0.002873,49.154104],[0.003215,49.154155],[0.00422,49.154624],[0.005378,49.154791],[0.006385,49.155259],[0.006589,49.155264],[0.00654,49.156386],[0.006714,49.157064],[0.007238,49.157614],[0.00751,49.157663],[0.007874,49.157176],[0.008295,49.15696],[0.009321,49.15698],[0.010747,49.157277],[0.011961,49.157705],[0.013526,49.158712],[0.013541,49.159161],[0.013748,49.159791],[0.013756,49.1601],[0.013638,49.160807],[0.013603,49.161334],[0.013724,49.161757],[0.01371,49.161834],[0.013516,49.162104],[0.013373,49.162576],[0.013355,49.162744],[0.013123,49.163082],[0.012868,49.163317],[0.012687,49.163771],[0.012559,49.163992],[0.012916,49.16389],[0.013128,49.163759],[0.01375,49.163637],[0.0145,49.163741],[0.015516,49.163986],[0.015892,49.163986],[0.016115,49.164131],[0.016705,49.164083],[0.017551,49.164331],[0.01782,49.164498],[0.018047,49.1648],[0.019403,49.165957],[0.020685,49.167915],[0.02088,49.169402],[0.021258,49.170128],[0.022045,49.170917],[0.022574,49.171331],[0.02194,49.171723],[0.02145,49.171938],[0.01898,49.173508],[0.018409,49.174037],[0.017995,49.174299],[0.017572,49.174516],[0.01684,49.174959],[0.016207,49.175313],[0.015486,49.175775],[0.014954,49.176062],[0.014699,49.176264],[0.012355,49.175509],[0.012143,49.175418],[0.011729,49.175922],[0.011172,49.176135],[0.010075,49.176114],[0.00939,49.177951],[0.009231,49.177941],[0.008616,49.177831],[0.008355,49.177903],[0.007855,49.177824],[0.007517,49.177944],[0.00728,49.17798],[0.007055,49.177976],[0.006875,49.177931],[0.006688,49.177822],[0.006497,49.177775],[0.006123,49.177775],[0.00592,49.177744],[0.004957,49.178307],[0.004678,49.178436],[0.003745,49.177834],[0.002925,49.177773],[0.002522,49.177585],[0.001744,49.176617],[0.00101,49.176153],[0.000473,49.175921],[5.2e-05,49.176328],[-0.000204,49.176674],[-0.000494,49.177015],[-0.001039,49.177293],[-0.001511,49.177554],[-0.001622,49.177687],[-0.002308,49.179251],[-0.002451,49.179535],[-0.002618,49.180073],[-0.002705,49.180608],[-0.003955,49.180821],[-0.00428,49.180903],[-0.004749,49.183049],[-0.005957,49.183028],[-0.006398,49.183031],[-0.006445,49.183581],[-0.006504,49.184782],[-0.006552,49.185143],[-0.006635,49.185393],[-0.006768,49.185976],[-0.006861,49.186499],[-0.006878,49.186765],[-0.006845,49.187051],[-0.00679,49.187154],[-0.006595,49.187068],[-0.006248,49.186968],[-0.005046,49.186737],[-0.004911,49.186734],[-0.00483,49.186826],[-0.004402,49.18671],[-0.003701,49.186557],[-0.003143,49.186479],[-0.003007,49.186372],[-0.002809,49.186296],[-0.002658,49.186304],[-0.002322,49.186233],[-0.001823,49.186174],[-0.001324,49.186093],[-0.001005,49.18615],[-0.000746,49.186093],[-0.000346,49.186054],[3.3e-05,49.185959],[0.000222,49.186056],[0.000376,49.186082],[0.000582,49.185994],[0.000806,49.186076],[0.00098,49.18601],[0.001229,49.186068],[0.00171,49.186002],[0.002173,49.185976],[0.002486,49.185872],[0.002655,49.185869],[0.003381,49.185729],[0.003735,49.18564],[0.004318,49.185522],[0.004719,49.185533],[0.005223,49.18567],[0.005297,49.186689],[0.005263,49.187243],[0.005203,49.187644],[0.005164,49.188299],[0.006277,49.188229],[0.007579,49.188254],[0.008359,49.188164],[0.008345,49.187979],[0.00837,49.187426],[0.008407,49.187192],[0.00831,49.18613],[0.008295,49.185746],[0.008436,49.185736],[0.008723,49.185813],[0.008897,49.185739],[0.00914,49.185785],[0.008867,49.187066],[0.00906,49.187339],[0.009677,49.187351],[0.010301,49.187183],[0.011251,49.187427],[0.012139,49.187488],[0.014136,49.187312],[0.015944,49.187032],[0.016435,49.186816],[0.016664,49.186282],[0.016802,49.186285],[0.017043,49.186387],[0.017117,49.186528],[0.017253,49.186625],[0.017553,49.186681],[0.017654,49.186732],[0.017817,49.186713],[0.018105,49.186908],[0.018299,49.18684],[0.018412,49.1869],[0.018427,49.187083],[0.018964,49.187154],[0.019221,49.187295],[0.019274,49.187446],[0.019671,49.187415],[0.019753,49.187474],[0.020013,49.187455],[0.020153,49.187501],[0.020403,49.187482],[0.020574,49.187561],[0.020974,49.187591],[0.021192,49.187664],[0.021335,49.187604],[0.021552,49.187731],[0.021832,49.187732],[0.021966,49.187563],[0.022251,49.187585],[0.022446,49.187713],[0.0226,49.187931],[0.022727,49.187908],[0.022993,49.188045],[0.023431,49.188139],[0.023665,49.188301],[0.02368,49.188424],[0.023603,49.188711],[0.023589,49.188903],[0.023614,49.189206],[0.023734,49.189702],[0.02375,49.189948],[0.023914,49.190128],[0.024145,49.190238],[0.024398,49.19032],[0.024587,49.19043],[0.024777,49.190489],[0.025079,49.190418],[0.025314,49.190436],[0.025501,49.19058],[0.025528,49.190708],[0.025461,49.190987],[0.02553,49.191114],[0.026094,49.191456],[0.026151,49.191551]]]}}]}